SubjectID,Wave,Time,Trap,Boundary,Scaffold,Iterative,Sovereignty,Defense,Construction,TII_Total,General_CT,AI_Use_Frequency_Raw,AI_Use_Frequency_Rate,Academic_Self_Efficacy,Prior_AI_Experience,Discipline,Institutional_AI_Policy
1,1,1,14,14,26,14,18,28,40,86,68,25,50.0,20,1,STEM,0
1,2,2,17,17,18,10,18,34,28,80,60,24,48.0,18,1,STEM,0
1,3,3,17,18,19,10,18,35,29,82,73,23,46.0,16,1,STEM,0
1,4,4,17,18,22,13,20,35,35,90,67,31,62.0,16,1,STEM,0
2,1,1,25,11,7,18,14,36,25,75,55,28,56.0,13,0,Humanities,1
2,2,2,22,10,7,16,14,32,23,69,51,32,64.0,16,0,Humanities,1
2,3,3,19,8,10,23,14,27,33,74,68,30,60.0,20,0,Humanities,1
2,4,4,15,7,9,22,12,22,31,65,70,33,66.0,14,0,Humanities,1
3,1,1,10,22,14,14,12,32,28,72,53,37,74.0,20,1,Humanities,0
3,2,2,11,26,19,18,9,37,37,83,59,42,84.0,19,1,Humanities,0
3,3,3,10,23,15,14,13,33,29,75,61,42,84.0,17,1,Humanities,0
3,4,4,13,28,17,16,13,41,33,87,61,40,80.0,22,1,Humanities,0
4,1,1,14,15,13,20,14,29,33,76,81,31,62.0,13,0,STEM,0
4,2,2,18,19,17,26,13,37,43,93,68,37,74.0,15,0,STEM,0
4,3,3,22,22,16,26,17,44,42,103,70,39,78.0,15,0,STEM,0
4,4,4,21,22,15,23,17,43,38,98,71,48,96.0,14,0,STEM,0
5,1,1,16,16,9,13,15,32,22,69,52,26,52.0,21,0,Humanities,1
5,2,2,17,18,12,16,11,35,28,74,56,27,54.0,25,0,Humanities,1
5,3,3,15,15,13,17,15,30,30,75,56,31,62.0,22,0,Humanities,1
5,4,4,17,18,14,20,12,35,34,81,66,33,66.0,20,0,Humanities,1
6,1,1,13,18,15,15,16,31,30,77,81,26,52.0,22,0,Humanities,1
6,2,2,12,17,13,12,13,29,25,67,85,30,60.0,19,0,Humanities,1
6,3,3,14,20,17,16,11,34,33,78,87,29,58.0,19,0,Humanities,1
6,4,4,14,21,20,20,13,35,40,88,91,35,70.0,24,0,Humanities,1
7,1,1,9,23,10,4,18,32,14,64,66,23,46.0,16,1,Humanities,0
7,2,2,11,26,17,6,16,37,23,76,48,27,54.0,19,1,Humanities,0
7,3,3,14,28,19,7,19,42,26,87,58,31,62.0,17,1,Humanities,0
7,4,4,12,28,23,8,19,40,31,90,57,36,72.0,21,1,Humanities,0
8,1,1,28,8,9,23,16,36,32,84,70,24,48.0,21,0,Humanities,1
8,2,2,23,6,9,24,17,29,33,79,70,25,50.0,21,0,Humanities,1
8,3,3,24,7,9,24,18,31,33,82,86,23,46.0,18,0,Humanities,1
8,4,4,26,7,11,28,22,33,39,94,85,24,48.0,19,0,Humanities,1
9,1,1,10,17,12,18,15,27,30,72,67,20,40.0,27,1,Humanities,0
9,2,2,12,20,10,17,13,32,27,72,60,23,46.0,25,1,Humanities,0
9,3,3,11,19,13,21,14,30,34,78,68,30,60.0,28,1,Humanities,0
9,4,4,10,17,15,24,14,27,39,80,64,34,68.0,28,1,Humanities,0
10,1,1,13,20,22,17,21,33,39,93,67,34,68.0,18,1,Humanities,0
10,2,2,15,23,23,18,19,38,41,98,66,35,70.0,19,1,Humanities,0
10,3,3,13,21,27,21,21,34,48,103,75,41,82.0,18,1,Humanities,0
10,4,4,15,22,28,21,24,37,49,110,72,44,88.0,19,1,Humanities,0
11,1,1,12,17,17,13,10,29,30,69,62,13,26.0,13,0,Humanities,0
11,2,2,13,19,13,11,13,32,24,69,57,23,46.0,12,0,Humanities,0
11,3,3,13,17,13,10,11,30,23,64,58,20,40.0,15,0,Humanities,0
11,4,4,14,19,14,11,12,33,25,70,68,31,62.0,15,0,Humanities,0
12,1,1,13,15,9,23,14,28,32,74,63,38,76.0,17,0,Humanities,1
12,2,2,16,19,8,22,14,35,30,79,65,39,78.0,20,0,Humanities,1
12,3,3,16,18,8,21,12,34,29,75,67,42,84.0,20,0,Humanities,1
12,4,4,19,23,9,22,14,42,31,87,70,50,100.0,21,0,Humanities,1
13,1,1,17,15,17,15,14,32,32,78,64,32,64.0,26,0,Humanities,0
13,2,2,18,16,19,16,14,34,35,83,57,26,52.0,28,0,Humanities,0
13,3,3,18,16,19,15,15,34,34,83,71,24,48.0,28,0,Humanities,0
13,4,4,22,18,21,18,19,40,39,98,73,28,56.0,28,0,Humanities,0
14,1,1,16,9,16,15,9,25,31,65,60,15,30.0,12,0,STEM,1
14,2,2,15,9,19,18,11,24,37,72,60,13,26.0,12,0,STEM,1
14,3,3,21,12,19,19,12,33,38,83,61,16,32.0,13,0,STEM,1
14,4,4,18,10,23,23,10,28,46,84,60,18,36.0,11,0,STEM,1
15,1,1,14,8,11,14,15,22,25,62,70,27,54.0,17,0,Humanities,0
15,2,2,19,11,14,17,15,30,31,76,76,26,52.0,20,0,Humanities,0
15,3,3,27,14,15,19,16,41,34,91,78,25,50.0,17,0,Humanities,0
15,4,4,25,13,16,20,14,38,36,88,77,24,48.0,14,0,Humanities,0
16,1,1,21,7,15,11,16,28,26,70,57,9,18.0,18,0,Humanities,1
16,2,2,24,7,17,11,14,31,28,73,59,15,30.0,21,0,Humanities,1
16,3,3,22,7,22,15,14,29,37,80,68,21,42.0,17,0,Humanities,1
16,4,4,27,8,23,16,14,35,39,88,66,28,56.0,18,0,Humanities,1
17,1,1,15,13,12,14,18,28,26,72,63,26,52.0,12,1,STEM,0
17,2,2,18,15,11,13,19,33,24,76,71,33,66.0,17,1,STEM,0
17,3,3,16,13,18,20,20,29,38,87,65,25,50.0,16,1,STEM,0
17,4,4,19,15,17,19,18,34,36,88,68,28,56.0,15,1,STEM,0
18,1,1,22,7,16,7,17,29,23,69,49,31,62.0,11,0,STEM,1
18,2,2,21,7,21,9,20,28,30,78,62,22,44.0,11,0,STEM,1
18,3,3,26,8,28,14,16,34,42,92,57,33,66.0,14,0,STEM,1
18,4,4,28,11,24,11,17,39,35,91,68,28,56.0,16,0,STEM,1
19,1,1,12,15,10,13,12,27,23,62,48,20,40.0,22,0,STEM,0
19,2,2,11,14,9,12,10,25,21,56,44,19,38.0,20,0,STEM,0
19,3,3,16,19,11,13,10,35,24,69,49,25,50.0,27,0,STEM,0
19,4,4,16,20,16,19,11,36,35,82,59,19,38.0,21,0,STEM,0
20,1,1,13,13,9,14,19,26,23,68,59,22,44.0,28,0,Arts,1
20,2,2,14,14,13,20,16,28,33,77,66,29,58.0,24,0,Arts,1
20,3,3,15,14,16,25,22,29,41,92,61,28,56.0,26,0,Arts,1
20,4,4,17,16,20,28,21,33,48,102,68,28,56.0,28,0,Arts,1
21,1,1,15,16,22,16,17,31,38,86,81,37,74.0,20,0,STEM,0
21,2,2,17,18,20,14,20,35,34,89,88,40,80.0,20,0,STEM,0
21,3,3,20,21,17,12,18,41,29,88,90,43,86.0,15,0,STEM,0
21,4,4,19,20,15,12,19,39,27,85,95,50,100.0,18,0,STEM,0
22,1,1,16,10,13,12,15,26,25,66,72,19,38.0,15,0,Humanities,0
22,2,2,20,11,18,16,18,31,34,83,73,21,42.0,13,0,Humanities,0
22,3,3,22,12,20,18,16,34,38,88,76,21,42.0,12,0,Humanities,0
22,4,4,25,14,18,15,19,39,33,91,83,27,54.0,13,0,Humanities,0
23,1,1,12,19,16,15,13,31,31,75,64,10,20.0,13,1,STEM,1
23,2,2,13,20,19,18,14,33,37,84,68,20,40.0,10,1,STEM,1
23,3,3,12,19,17,16,14,31,33,78,64,17,34.0,14,1,STEM,1
23,4,4,14,21,21,19,14,35,40,89,66,22,44.0,12,1,STEM,1
24,1,1,19,8,18,12,11,27,30,68,66,29,58.0,23,0,STEM,1
24,2,2,20,9,19,12,11,29,31,71,64,42,84.0,17,0,STEM,1
24,3,3,28,15,19,12,14,43,31,88,67,44,88.0,16,0,STEM,1
24,4,4,28,14,24,15,12,42,39,93,68,44,88.0,18,0,STEM,1
25,1,1,14,16,14,14,15,30,28,73,66,35,70.0,22,0,Humanities,1
25,2,2,13,15,17,17,16,28,34,78,63,41,82.0,23,0,Humanities,1
25,3,3,14,16,21,20,16,30,41,87,59,33,66.0,22,0,Humanities,1
25,4,4,14,15,24,23,16,29,47,92,65,35,70.0,21,0,Humanities,1
26,1,1,12,12,11,5,21,24,16,61,76,20,40.0,22,0,STEM,0
26,2,2,16,15,17,9,17,31,26,74,64,28,56.0,16,0,STEM,0
26,3,3,15,14,17,8,18,29,25,72,75,24,48.0,21,0,STEM,0
26,4,4,14,14,24,12,17,28,36,81,76,30,60.0,19,0,STEM,0
27,1,1,9,13,13,17,21,22,30,73,50,30,60.0,21,1,Arts,1
27,2,2,12,18,12,16,23,30,28,81,54,38,76.0,20,1,Arts,1
27,3,3,12,18,12,17,20,30,29,79,52,37,74.0,16,1,Arts,1
27,4,4,13,20,12,17,22,33,29,84,65,37,74.0,19,1,Arts,1
28,1,1,14,16,18,17,18,30,35,83,73,29,58.0,16,0,Arts,1
28,2,2,17,19,15,15,20,36,30,86,79,39,78.0,17,0,Arts,1
28,3,3,17,20,17,16,22,37,33,92,78,34,68.0,17,0,Arts,1
28,4,4,17,19,16,15,19,36,31,86,77,40,80.0,11,0,Arts,1
29,1,1,12,14,17,16,13,26,33,72,68,22,44.0,15,0,STEM,0
29,2,2,13,17,19,19,16,30,38,84,77,15,30.0,12,0,STEM,0
29,3,3,14,18,21,20,13,32,41,86,76,23,46.0,15,0,STEM,0
29,4,4,15,19,20,20,13,34,40,87,77,19,38.0,16,0,STEM,0
30,1,1,14,11,18,12,9,25,30,64,73,18,36.0,24,1,STEM,1
30,2,2,16,14,19,13,11,30,32,73,71,21,42.0,21,1,STEM,1
30,3,3,19,16,19,13,14,35,32,81,85,26,52.0,19,1,STEM,1
30,4,4,20,17,28,19,13,37,47,97,73,30,60.0,17,1,STEM,1
31,1,1,23,6,8,19,14,29,27,70,63,31,62.0,24,0,STEM,1
31,2,2,23,6,7,17,16,29,24,69,78,32,64.0,23,0,STEM,1
31,3,3,25,7,9,22,15,32,31,78,66,28,56.0,19,0,STEM,1
31,4,4,23,6,10,24,17,29,34,80,70,36,72.0,21,0,STEM,1
32,1,1,28,8,26,10,10,36,36,82,67,32,64.0,14,1,STEM,1
32,2,2,26,7,24,8,12,33,32,77,68,43,86.0,12,1,STEM,1
32,3,3,28,15,22,8,8,43,30,81,70,32,64.0,11,1,STEM,1
32,4,4,28,15,28,11,11,43,39,93,65,39,78.0,13,1,STEM,1
33,1,1,19,8,12,12,18,27,24,69,69,26,52.0,25,0,Humanities,1
33,2,2,23,10,14,14,15,33,28,76,70,28,56.0,23,0,Humanities,1
33,3,3,20,9,8,8,19,29,16,64,67,38,76.0,26,0,Humanities,1
33,4,4,23,10,15,16,18,33,31,82,70,38,76.0,22,0,Humanities,1
34,1,1,6,21,8,9,14,27,17,58,69,16,32.0,24,1,Humanities,0
34,2,2,6,21,14,15,16,27,29,72,77,16,32.0,22,1,Humanities,0
34,3,3,7,21,10,11,14,28,21,63,75,19,38.0,18,1,Humanities,0
34,4,4,6,21,19,20,16,27,39,82,77,21,42.0,20,1,Humanities,0
35,1,1,16,14,7,26,14,30,33,77,57,37,74.0,21,0,Arts,1
35,2,2,17,16,6,23,14,33,29,76,65,38,76.0,23,0,Arts,1
35,3,3,19,17,8,28,10,36,36,82,64,47,94.0,25,0,Arts,1
35,4,4,21,20,6,21,12,41,27,80,69,50,100.0,21,0,Arts,1
36,1,1,8,16,14,13,8,24,27,59,62,10,20.0,14,1,Humanities,1
36,2,2,8,17,15,14,12,25,29,66,63,22,44.0,15,1,Humanities,1
36,3,3,7,16,19,18,10,23,37,70,66,28,56.0,14,1,Humanities,1
36,4,4,9,20,24,21,11,29,45,85,64,32,64.0,13,1,Humanities,1
37,1,1,16,15,4,12,19,31,16,66,66,15,30.0,11,0,Arts,1
37,2,2,14,12,5,20,16,26,25,67,73,23,46.0,13,0,Arts,1
37,3,3,16,14,6,25,15,30,31,76,66,23,46.0,12,0,Arts,1
37,4,4,17,16,7,28,17,33,35,85,69,22,44.0,13,0,Arts,1
38,1,1,10,13,9,16,13,23,25,61,80,21,42.0,15,1,Humanities,0
38,2,2,10,15,13,22,16,25,35,76,82,31,62.0,18,1,Humanities,0
38,3,3,10,15,14,22,14,25,36,75,84,28,56.0,18,1,Humanities,0
38,4,4,11,16,14,23,14,27,37,78,83,36,72.0,17,1,Humanities,0
39,1,1,11,10,8,14,12,21,22,55,53,28,56.0,20,1,STEM,0
39,2,2,15,13,11,20,12,28,31,71,61,38,76.0,20,1,STEM,0
39,3,3,15,14,13,23,13,29,36,78,56,36,72.0,17,1,STEM,0
39,4,4,15,13,15,26,12,28,41,81,58,33,66.0,18,1,STEM,0
40,1,1,24,6,9,14,5,30,23,58,49,25,50.0,27,0,STEM,0
40,2,2,25,7,11,17,7,32,28,67,58,33,66.0,23,0,STEM,0
40,3,3,27,7,14,21,10,34,35,79,52,37,74.0,23,0,STEM,0
40,4,4,21,6,18,27,5,27,45,77,53,35,70.0,27,0,STEM,0
41,1,1,20,14,14,11,15,34,25,74,66,24,48.0,21,0,STEM,1
41,2,2,21,15,13,9,15,36,22,73,69,32,64.0,21,0,STEM,1
41,3,3,21,14,17,13,16,35,30,81,69,38,76.0,24,0,STEM,1
41,4,4,19,13,14,10,13,32,24,69,77,35,70.0,17,0,STEM,1
42,1,1,11,15,15,15,21,26,30,77,71,27,54.0,16,1,STEM,1
42,2,2,14,20,18,17,21,34,35,90,68,32,64.0,19,1,STEM,1
42,3,3,15,22,18,17,21,37,35,93,68,27,54.0,14,1,STEM,1
42,4,4,16,23,20,20,19,39,40,98,75,34,68.0,16,1,STEM,1
43,1,1,11,15,13,17,20,26,30,76,68,23,46.0,14,0,STEM,1
43,2,2,12,16,15,21,20,28,36,84,67,29,58.0,16,0,STEM,1
43,3,3,15,20,15,19,20,35,34,89,68,27,54.0,17,0,STEM,1
43,4,4,17,23,15,21,17,40,36,93,63,33,66.0,15,0,STEM,1
44,1,1,19,10,8,19,12,29,27,68,74,23,46.0,24,0,STEM,1
44,2,2,17,9,8,20,15,26,28,69,68,28,56.0,23,0,STEM,1
44,3,3,17,9,7,17,15,26,24,65,70,35,70.0,25,0,STEM,1
44,4,4,19,10,7,18,14,29,25,68,76,38,76.0,27,0,STEM,1
45,1,1,13,9,12,27,14,22,39,75,57,3,6.0,15,0,Humanities,1
45,2,2,13,9,9,21,11,22,30,63,65,8,16.0,13,0,Humanities,1
45,3,3,16,10,10,23,13,26,33,72,58,17,34.0,18,0,Humanities,1
45,4,4,13,8,11,27,14,21,38,73,66,21,42.0,13,0,Humanities,1
46,1,1,19,8,21,13,16,27,34,77,84,21,42.0,23,0,STEM,1
46,2,2,20,8,15,9,15,28,24,67,75,19,38.0,25,0,STEM,1
46,3,3,25,11,14,9,17,36,23,76,74,23,46.0,21,0,STEM,1
46,4,4,24,10,16,9,16,34,25,75,81,16,32.0,22,0,STEM,1
47,1,1,17,13,11,11,12,30,22,64,54,24,48.0,15,0,STEM,1
47,2,2,19,15,14,13,13,34,27,74,52,32,64.0,15,0,STEM,1
47,3,3,13,10,17,16,13,23,33,69,53,34,68.0,19,0,STEM,1
47,4,4,12,9,17,16,12,21,33,66,61,39,78.0,17,0,STEM,1
48,1,1,19,16,12,16,16,35,28,79,50,14,28.0,23,0,Arts,0
48,2,2,19,16,13,17,15,35,30,80,57,21,42.0,23,0,Arts,0
48,3,3,15,14,11,14,15,29,25,69,57,21,42.0,20,0,Arts,0
48,4,4,15,14,13,16,16,29,29,74,69,26,52.0,21,0,Arts,0
49,1,1,16,9,21,7,16,25,28,69,59,25,50.0,21,0,STEM,0
49,2,2,19,11,21,7,17,30,28,75,63,30,60.0,19,0,STEM,0
49,3,3,20,11,24,8,18,31,32,81,67,39,78.0,22,0,STEM,0
49,4,4,21,12,27,8,18,33,35,86,64,34,68.0,22,0,STEM,0
50,1,1,16,4,16,15,19,20,31,70,55,18,36.0,16,1,STEM,0
50,2,2,21,5,14,14,20,26,28,74,56,32,64.0,16,1,STEM,0
50,3,3,16,4,14,14,20,20,28,68,56,32,64.0,16,1,STEM,0
50,4,4,27,7,13,13,20,34,26,80,50,37,74.0,21,1,STEM,0
51,1,1,15,15,13,14,12,30,27,69,62,38,76.0,15,0,Humanities,0
51,2,2,17,16,17,17,14,33,34,81,69,31,62.0,17,0,Humanities,0
51,3,3,21,21,18,19,12,42,37,91,62,34,68.0,18,0,Humanities,0
51,4,4,19,19,16,16,13,38,32,83,62,31,62.0,19,0,Humanities,0
52,1,1,11,15,14,18,14,26,32,72,78,31,62.0,18,0,STEM,1
52,2,2,14,20,14,19,14,34,33,81,77,36,72.0,17,0,STEM,1
52,3,3,16,23,14,20,19,39,34,92,78,36,72.0,16,0,STEM,1
52,4,4,20,28,17,23,16,48,40,104,81,36,72.0,17,0,STEM,1
53,1,1,14,19,16,8,13,33,24,70,62,24,48.0,24,1,Humanities,1
53,2,2,14,19,17,9,12,33,26,71,68,19,38.0,17,1,Humanities,1
53,3,3,12,18,16,9,10,30,25,65,66,23,46.0,22,1,Humanities,1
53,4,4,14,20,18,10,14,34,28,76,65,29,58.0,19,1,Humanities,1
54,1,1,17,13,13,20,13,30,33,76,65,18,36.0,17,0,Humanities,1
54,2,2,19,14,15,21,14,33,36,83,68,23,46.0,19,0,Humanities,1
54,3,3,21,16,18,27,16,37,45,98,72,30,60.0,19,0,Humanities,1
54,4,4,19,14,21,28,10,33,49,92,68,29,58.0,20,0,Humanities,1
55,1,1,18,21,16,12,14,39,28,81,54,22,44.0,19,1,Humanities,1
55,2,2,18,22,19,13,15,40,32,87,55,26,52.0,18,1,Humanities,1
55,3,3,19,24,20,14,16,43,34,93,58,37,74.0,15,1,Humanities,1
55,4,4,17,20,25,19,16,37,44,97,61,42,84.0,16,1,Humanities,1
56,1,1,16,17,17,10,17,33,27,77,52,21,42.0,20,1,Arts,1
56,2,2,14,16,22,12,18,30,34,82,61,22,44.0,12,1,Arts,1
56,3,3,17,19,22,12,16,36,34,86,70,27,54.0,18,1,Arts,1
56,4,4,18,19,19,10,17,37,29,83,69,20,40.0,13,1,Arts,1
57,1,1,19,9,18,14,20,28,32,80,67,21,42.0,21,0,Arts,1
57,2,2,23,10,18,15,19,33,33,85,59,30,60.0,15,0,Arts,1
57,3,3,22,10,20,17,18,32,37,87,56,26,52.0,16,0,Arts,1
57,4,4,22,10,28,23,20,32,51,103,73,26,52.0,16,0,Arts,1
58,1,1,10,16,10,20,17,26,30,73,56,19,38.0,8,1,STEM,1
58,2,2,12,18,9,20,14,30,29,73,64,23,46.0,10,1,STEM,1
58,3,3,11,16,13,27,10,27,40,77,58,21,42.0,8,1,STEM,1
58,4,4,14,21,13,26,15,35,39,89,65,28,56.0,10,1,STEM,1
59,1,1,16,16,13,16,19,32,29,80,74,9,18.0,20,1,STEM,0
59,2,2,16,16,16,18,20,32,34,86,83,15,30.0,19,1,STEM,0
59,3,3,17,19,17,19,18,36,36,90,76,13,26.0,21,1,STEM,0
59,4,4,18,20,16,19,17,38,35,90,75,15,30.0,19,1,STEM,0
60,1,1,22,10,10,18,16,32,28,76,60,27,54.0,16,0,Arts,0
60,2,2,24,11,12,23,16,35,35,86,69,25,50.0,10,0,Arts,0
60,3,3,23,10,11,21,17,33,32,82,72,28,56.0,12,0,Arts,0
60,4,4,26,12,13,24,14,38,37,89,76,39,78.0,13,0,Arts,0
61,1,1,16,13,9,26,12,29,35,76,54,30,60.0,12,0,STEM,0
61,2,2,18,14,8,23,15,32,31,78,55,32,64.0,14,0,STEM,0
61,3,3,18,15,12,28,18,33,40,91,51,32,64.0,18,0,STEM,0
61,4,4,18,14,12,28,15,32,40,87,60,40,80.0,13,0,STEM,0
62,1,1,16,14,22,17,14,30,39,83,68,21,42.0,13,0,Humanities,0
62,2,2,17,15,24,19,14,32,43,89,68,13,26.0,8,0,Humanities,0
62,3,3,22,19,25,20,14,41,45,100,64,18,36.0,8,0,Humanities,0
62,4,4,19,16,27,21,17,35,48,100,69,23,46.0,9,0,Humanities,0
63,1,1,16,10,13,22,10,26,35,71,72,28,56.0,13,0,Humanities,1
63,2,2,18,12,13,21,8,30,34,72,72,32,64.0,10,0,Humanities,1
63,3,3,17,11,12,20,8,28,32,68,72,33,66.0,10,0,Humanities,1
63,4,4,17,11,15,25,12,28,40,80,75,36,72.0,9,0,Humanities,1
64,1,1,12,13,18,17,19,25,35,79,78,20,40.0,13,0,Humanities,1
64,2,2,15,15,17,16,17,30,33,80,75,20,40.0,14,0,Humanities,1
64,3,3,15,16,20,20,15,31,40,86,78,21,42.0,13,0,Humanities,1
64,4,4,14,15,19,19,18,29,38,85,78,24,48.0,12,0,Humanities,1
65,1,1,14,17,12,17,14,31,29,74,81,31,62.0,16,0,Humanities,0
65,2,2,15,19,12,18,19,34,30,83,79,26,52.0,15,0,Humanities,0
65,3,3,18,23,16,23,18,41,39,98,82,24,48.0,15,0,Humanities,0
65,4,4,15,20,13,19,21,35,32,88,89,27,54.0,15,0,Humanities,0
66,1,1,8,28,20,14,15,36,34,85,51,27,54.0,26,0,Humanities,0
66,2,2,8,27,18,12,15,35,30,80,63,29,58.0,24,0,Humanities,0
66,3,3,8,27,21,15,13,35,36,84,61,32,64.0,28,0,Humanities,0
66,4,4,8,28,23,16,14,36,39,89,64,38,76.0,24,0,Humanities,0
67,1,1,17,11,7,15,14,28,22,64,67,23,46.0,19,1,Humanities,0
67,2,2,18,12,7,16,14,30,23,67,58,28,56.0,16,1,Humanities,0
67,3,3,20,12,9,21,17,32,30,79,63,39,78.0,15,1,Humanities,0
67,4,4,23,14,10,23,15,37,33,85,68,48,96.0,17,1,Humanities,0
68,1,1,9,23,11,23,16,32,34,82,60,25,50.0,22,1,Humanities,1
68,2,2,10,26,11,24,16,36,35,87,54,30,60.0,16,1,Humanities,1
68,3,3,10,27,13,28,16,37,41,94,61,25,50.0,22,1,Humanities,1
68,4,4,10,28,12,24,19,38,36,93,61,37,74.0,16,1,Humanities,1
69,1,1,18,11,13,13,9,29,26,64,66,21,42.0,19,1,Arts,0
69,2,2,22,14,13,13,13,36,26,75,68,18,36.0,24,1,Arts,0
69,3,3,19,12,18,17,10,31,35,76,69,28,56.0,21,1,Arts,0
69,4,4,17,11,17,17,11,28,34,73,71,28,56.0,20,1,Arts,0
70,1,1,7,25,13,8,15,32,21,68,66,18,36.0,25,0,Humanities,0
70,2,2,7,24,18,11,14,31,29,74,76,26,52.0,20,0,Humanities,0
70,3,3,6,22,22,12,13,28,34,75,74,24,48.0,20,0,Humanities,0
70,4,4,6,21,22,12,11,27,34,72,75,34,68.0,17,0,Humanities,0
71,1,1,14,20,15,10,13,34,25,72,75,15,30.0,16,0,Humanities,0
71,2,2,13,19,17,11,17,32,28,77,70,22,44.0,15,0,Humanities,0
71,3,3,15,22,25,16,18,37,41,96,78,19,38.0,18,0,Humanities,0
71,4,4,15,22,26,16,15,37,42,94,84,22,44.0,22,0,Humanities,0
72,1,1,21,16,10,17,11,37,27,75,61,20,40.0,13,0,Arts,0
72,2,2,22,17,11,19,12,39,30,81,71,20,40.0,11,0,Arts,0
72,3,3,19,15,13,23,10,34,36,80,69,31,62.0,13,0,Arts,0
72,4,4,19,15,12,22,8,34,34,76,72,40,80.0,12,0,Arts,0
73,1,1,11,13,24,4,16,24,28,68,64,20,40.0,22,0,STEM,1
73,2,2,14,16,28,6,17,30,34,81,68,21,42.0,27,0,STEM,1
73,3,3,18,19,28,5,18,37,33,88,62,21,42.0,25,0,STEM,1
73,4,4,19,21,28,5,17,40,33,90,68,26,52.0,24,0,STEM,1
74,1,1,12,16,10,15,10,28,25,63,68,8,16.0,24,0,Arts,1
74,2,2,13,17,11,18,11,30,29,70,67,13,26.0,26,0,Arts,1
74,3,3,20,25,11,18,13,45,29,87,63,23,46.0,22,0,Arts,1
74,4,4,19,25,12,20,11,44,32,87,63,30,60.0,27,0,Arts,1
75,1,1,20,5,10,16,14,25,26,65,59,24,48.0,8,1,Arts,1
75,2,2,19,5,12,21,17,24,33,74,58,21,42.0,13,1,Arts,1
75,3,3,24,6,13,21,19,30,34,83,61,25,50.0,15,1,Arts,1
75,4,4,23,6,13,22,19,29,35,83,59,19,38.0,8,1,Arts,1
76,1,1,20,11,15,5,14,31,20,65,87,24,48.0,18,0,STEM,1
76,2,2,22,11,21,6,16,33,27,76,85,25,50.0,9,0,STEM,1
76,3,3,22,12,23,7,14,34,30,78,86,36,72.0,13,0,STEM,1
76,4,4,22,12,21,7,16,34,28,78,93,37,74.0,12,0,STEM,1
77,1,1,6,21,13,9,10,27,22,59,50,22,44.0,13,0,STEM,0
77,2,2,7,23,19,13,12,30,32,74,55,23,46.0,14,0,STEM,0
77,3,3,8,25,23,15,7,33,38,78,50,27,54.0,16,0,STEM,0
77,4,4,8,27,25,17,11,35,42,88,56,33,66.0,18,0,STEM,0
78,1,1,21,9,8,5,18,30,13,61,70,23,46.0,15,0,Humanities,1
78,2,2,22,9,13,10,20,31,23,74,70,25,50.0,14,0,Humanities,1
78,3,3,23,9,14,10,18,32,24,74,70,33,66.0,16,0,Humanities,1
78,4,4,25,10,14,10,19,35,24,78,73,34,68.0,12,0,Humanities,1
79,1,1,23,9,9,13,12,32,22,66,81,20,40.0,16,0,STEM,0
79,2,2,26,10,9,14,11,36,23,70,86,27,54.0,25,0,STEM,0
79,3,3,28,16,10,15,11,44,25,80,80,27,54.0,20,0,STEM,0
79,4,4,28,15,13,19,12,43,32,87,84,29,58.0,21,0,STEM,0
80,1,1,18,8,20,8,11,26,28,65,68,22,44.0,15,0,STEM,0
80,2,2,20,9,21,9,15,29,30,74,66,24,48.0,16,0,STEM,0
80,3,3,19,8,25,10,12,27,35,74,70,24,48.0,16,0,STEM,0
80,4,4,22,10,22,9,12,32,31,75,68,28,56.0,11,0,STEM,0
81,1,1,10,15,13,17,17,25,30,72,57,29,58.0,27,1,Humanities,1
81,2,2,14,20,16,20,17,34,36,87,67,31,62.0,26,1,Humanities,1
81,3,3,14,20,13,16,16,34,29,79,60,40,80.0,26,1,Humanities,1
81,4,4,14,20,17,22,15,34,39,88,60,44,88.0,25,1,Humanities,1
82,1,1,18,11,15,18,20,29,33,82,69,17,34.0,21,1,Humanities,1
82,2,2,20,13,14,16,18,33,30,81,65,26,52.0,24,1,Humanities,1
82,3,3,20,13,18,22,21,33,40,94,64,27,54.0,25,1,Humanities,1
82,4,4,19,12,16,20,22,31,36,89,72,24,48.0,21,1,Humanities,1
83,1,1,16,19,9,12,11,35,21,67,67,14,28.0,20,0,Arts,1
83,2,2,14,16,13,17,11,30,30,71,63,12,24.0,22,0,Arts,1
83,3,3,14,16,17,22,9,30,39,78,64,18,36.0,22,0,Arts,1
83,4,4,12,14,16,19,13,26,35,74,73,14,28.0,19,0,Arts,1
84,1,1,15,9,9,18,15,24,27,66,76,10,20.0,24,0,Arts,1
84,2,2,19,11,9,19,18,30,28,76,75,15,30.0,23,0,Arts,1
84,3,3,23,13,12,26,17,36,38,91,73,16,32.0,21,0,Arts,1
84,4,4,21,12,14,28,18,33,42,93,70,15,30.0,25,0,Arts,1
85,1,1,7,16,20,11,18,23,31,72,47,14,28.0,22,0,Arts,1
85,2,2,10,22,23,12,17,32,35,84,44,26,52.0,24,0,Arts,1
85,3,3,8,17,21,11,17,25,32,74,47,25,50.0,25,0,Arts,1
85,4,4,8,16,24,12,15,24,36,75,59,27,54.0,25,0,Arts,1
86,1,1,11,17,13,7,17,28,20,65,70,22,44.0,16,1,STEM,1
86,2,2,12,18,17,10,18,30,27,75,82,26,52.0,15,1,STEM,1
86,3,3,12,19,11,7,18,31,18,67,84,23,46.0,19,1,STEM,1
86,4,4,13,20,11,7,20,33,18,71,76,33,66.0,17,1,STEM,1
87,1,1,10,23,9,23,16,33,32,81,58,14,28.0,17,0,Humanities,1
87,2,2,11,26,9,26,15,37,35,87,58,21,42.0,13,0,Humanities,1
87,3,3,11,25,10,27,16,36,37,89,60,21,42.0,13,0,Humanities,1
87,4,4,13,28,8,21,15,41,29,85,58,28,56.0,16,0,Humanities,1
88,1,1,15,21,12,19,13,36,31,80,62,12,24.0,18,0,Humanities,0
88,2,2,13,20,15,23,15,33,38,86,59,21,42.0,17,0,Humanities,0
88,3,3,15,22,15,23,12,37,38,87,68,15,30.0,16,0,Humanities,0
88,4,4,19,27,15,24,14,46,39,99,72,27,54.0,20,0,Humanities,0
89,1,1,11,19,9,20,10,30,29,69,59,27,54.0,20,0,STEM,1
89,2,2,15,24,10,24,13,39,34,86,64,17,34.0,21,0,STEM,1
89,3,3,13,21,9,20,11,34,29,74,59,23,46.0,18,0,STEM,1
89,4,4,15,26,7,16,14,41,23,78,65,23,46.0,21,0,STEM,1
90,1,1,14,12,11,16,15,26,27,68,69,25,50.0,17,0,Arts,0
90,2,2,17,13,11,14,15,30,25,70,67,34,68.0,21,0,Arts,0
90,3,3,20,16,13,17,16,36,30,82,70,30,60.0,19,0,Arts,0
90,4,4,16,13,12,16,16,29,28,73,65,31,62.0,19,0,Arts,0
91,1,1,11,20,9,21,13,31,30,74,55,25,50.0,13,0,Humanities,1
91,2,2,9,17,9,22,11,26,31,68,60,27,54.0,9,0,Humanities,1
91,3,3,12,20,11,27,13,32,38,83,58,19,38.0,8,0,Humanities,1
91,4,4,9,17,12,27,15,26,39,80,52,24,48.0,12,0,Humanities,1
92,1,1,15,16,9,9,7,31,18,56,74,21,42.0,15,0,Humanities,1
92,2,2,19,21,14,14,10,40,28,78,66,21,42.0,13,0,Humanities,1
92,3,3,19,20,16,16,9,39,32,80,78,29,58.0,14,0,Humanities,1
92,4,4,21,22,22,21,10,43,43,96,77,30,60.0,13,0,Humanities,1
93,1,1,16,9,19,7,15,25,26,66,82,20,40.0,20,0,STEM,1
93,2,2,15,8,19,7,18,23,26,67,83,22,44.0,20,0,STEM,1
93,3,3,15,8,21,8,15,23,29,67,75,25,50.0,17,0,STEM,1
93,4,4,14,7,23,8,17,21,31,69,81,28,56.0,19,0,STEM,1
94,1,1,16,11,10,14,18,27,24,69,54,20,40.0,18,1,Arts,1
94,2,2,22,15,13,18,16,37,31,84,55,19,38.0,19,1,Arts,1
94,3,3,26,18,13,18,18,44,31,93,63,23,46.0,21,1,Arts,1
94,4,4,23,17,17,22,20,40,39,99,68,27,54.0,19,1,Arts,1
95,1,1,13,14,12,9,7,27,21,55,61,20,40.0,27,0,STEM,0
95,2,2,15,17,16,11,10,32,27,69,65,30,60.0,27,0,STEM,0
95,3,3,17,19,16,12,7,36,28,71,67,18,36.0,28,0,STEM,0
95,4,4,16,17,19,13,7,33,32,72,64,24,48.0,28,0,STEM,0
96,1,1,4,18,17,13,14,22,30,66,50,14,28.0,15,0,Arts,0
96,2,2,4,19,19,14,12,23,33,68,62,22,44.0,13,0,Arts,0
96,3,3,4,21,18,13,13,25,31,69,65,28,56.0,11,0,Arts,0
96,4,4,5,23,19,15,10,28,34,72,65,30,60.0,11,0,Arts,0
97,1,1,14,15,4,28,16,29,32,77,69,26,52.0,18,0,Humanities,0
97,2,2,14,15,5,28,17,29,33,79,72,35,70.0,21,0,Humanities,0
97,3,3,12,13,5,28,16,25,33,74,78,37,74.0,19,0,Humanities,0
97,4,4,15,15,6,28,15,30,34,79,76,40,80.0,23,0,Humanities,0
98,1,1,14,15,21,15,22,29,36,87,69,8,16.0,25,0,Arts,1
98,2,2,14,16,19,13,20,30,32,82,62,11,22.0,25,0,Arts,1
98,3,3,17,19,20,15,22,36,35,93,72,18,36.0,24,0,Arts,1
98,4,4,17,19,24,17,25,36,41,102,69,20,40.0,21,0,Arts,1
99,1,1,9,18,15,4,14,27,19,60,61,19,38.0,28,1,STEM,0
99,2,2,10,21,22,5,17,31,27,75,54,18,36.0,28,1,STEM,0
99,3,3,11,23,26,5,15,34,31,80,65,23,46.0,27,1,STEM,0
99,4,4,11,23,28,6,20,34,34,88,65,27,54.0,27,1,STEM,0
100,1,1,15,14,20,12,13,29,32,74,70,24,48.0,17,0,STEM,1
100,2,2,16,16,17,10,17,32,27,76,74,25,50.0,17,0,STEM,1
100,3,3,17,16,22,13,11,33,35,79,72,28,56.0,17,0,STEM,1
100,4,4,21,19,23,13,14,40,36,90,71,38,76.0,15,0,STEM,1
101,1,1,18,9,14,13,13,27,27,67,75,24,48.0,21,0,STEM,1
101,2,2,17,9,17,16,11,26,33,70,82,27,54.0,25,0,STEM,1
101,3,3,15,8,18,16,16,23,34,73,83,30,60.0,18,0,STEM,1
101,4,4,13,7,21,20,16,20,41,77,90,27,54.0,22,0,STEM,1
102,1,1,8,16,9,17,21,24,26,71,64,43,86.0,20,1,STEM,1
102,2,2,10,20,11,20,19,30,31,80,71,45,90.0,22,1,STEM,1
102,3,3,12,22,13,23,21,34,36,91,67,49,98.0,24,1,STEM,1
102,4,4,12,23,14,27,20,35,41,96,71,50,100.0,20,1,STEM,1
103,1,1,20,13,18,6,13,33,24,70,68,23,46.0,18,0,Arts,0
103,2,2,17,12,28,9,16,29,37,82,74,29,58.0,17,0,Arts,0
103,3,3,20,13,26,8,14,33,34,81,75,40,80.0,18,0,Arts,0
103,4,4,17,12,23,7,15,29,30,74,83,40,80.0,21,0,Arts,0
104,1,1,11,14,18,6,14,25,24,63,54,16,32.0,18,0,Arts,1
104,2,2,12,15,23,7,13,27,30,70,50,17,34.0,11,0,Arts,1
104,3,3,13,16,25,8,12,29,33,74,59,27,54.0,16,0,Arts,1
104,4,4,14,17,22,7,17,31,29,77,51,30,60.0,17,0,Arts,1
105,1,1,14,14,16,17,19,28,33,80,59,21,42.0,18,1,Humanities,1
105,2,2,13,12,18,20,13,25,38,76,68,25,50.0,20,1,Humanities,1
105,3,3,16,15,19,20,13,31,39,83,51,23,46.0,20,1,Humanities,1
105,4,4,13,12,17,19,13,25,36,74,63,28,56.0,20,1,Humanities,1
106,1,1,20,12,6,20,11,32,26,69,70,7,14.0,8,1,STEM,1
106,2,2,20,11,6,19,14,31,25,70,74,11,22.0,8,1,STEM,1
106,3,3,20,12,9,28,13,32,37,82,68,16,32.0,8,1,STEM,1
106,4,4,27,15,10,28,12,42,38,92,80,20,40.0,11,1,STEM,1
107,1,1,4,28,18,15,18,32,33,83,80,23,46.0,17,0,Humanities,1
107,2,2,4,28,19,17,17,32,36,85,81,20,40.0,17,0,Humanities,1
107,3,3,4,28,20,17,14,32,37,83,81,22,44.0,24,0,Humanities,1
107,4,4,4,28,22,18,15,32,40,87,91,22,44.0,20,0,Humanities,1
108,1,1,21,10,15,15,18,31,30,79,74,11,22.0,22,1,Humanities,1
108,2,2,23,11,15,15,20,34,30,84,69,23,46.0,20,1,Humanities,1
108,3,3,25,12,18,20,20,37,38,95,80,28,56.0,18,1,Humanities,1
108,4,4,27,14,20,21,19,41,41,101,75,32,64.0,18,1,Humanities,1
109,1,1,24,6,20,17,20,30,37,87,60,28,56.0,17,1,STEM,1
109,2,2,26,6,20,18,15,32,38,85,58,38,76.0,18,1,STEM,1
109,3,3,25,6,22,20,19,31,42,92,60,37,74.0,14,1,STEM,1
109,4,4,24,5,25,22,14,29,47,90,62,43,86.0,18,1,STEM,1
110,1,1,20,6,17,10,15,26,27,68,65,21,42.0,25,1,Humanities,0
110,2,2,26,8,16,9,12,34,25,71,68,18,36.0,25,1,Humanities,0
110,3,3,26,8,22,13,13,34,35,82,69,20,40.0,23,1,Humanities,0
110,4,4,28,13,28,17,17,41,45,103,62,20,40.0,23,1,Humanities,0
111,1,1,6,14,11,22,15,20,33,68,58,24,48.0,16,1,STEM,1
111,2,2,7,16,12,24,16,23,36,75,59,22,44.0,16,1,STEM,1
111,3,3,9,22,11,20,17,31,31,79,59,25,50.0,11,1,STEM,1
111,4,4,11,25,13,24,20,36,37,93,69,19,38.0,17,1,STEM,1
112,1,1,14,12,10,17,9,26,27,62,72,19,38.0,14,1,Humanities,1
112,2,2,17,14,12,20,9,31,32,72,70,25,50.0,16,1,Humanities,1
112,3,3,13,12,15,24,11,25,39,75,75,22,44.0,20,1,Humanities,1
112,4,4,15,13,14,22,13,28,36,77,71,24,48.0,20,1,Humanities,1
113,1,1,28,4,28,15,18,32,43,93,73,31,62.0,27,0,Humanities,0
113,2,2,25,4,28,16,16,29,44,89,74,32,64.0,27,0,Humanities,0
113,3,3,26,4,28,12,17,30,40,87,71,38,76.0,23,0,Humanities,0
113,4,4,25,4,28,24,20,29,52,101,72,45,90.0,27,0,Humanities,0
114,1,1,17,18,8,12,15,35,20,70,60,18,36.0,13,1,Arts,0
114,2,2,21,22,8,11,17,43,19,79,67,21,42.0,14,1,Arts,0
114,3,3,23,25,13,19,15,48,32,95,68,27,54.0,13,1,Arts,0
114,4,4,24,26,12,19,17,50,31,98,62,25,50.0,14,1,Arts,0
115,1,1,20,9,15,26,13,29,41,83,64,33,66.0,18,0,Humanities,0
115,2,2,25,11,13,24,11,36,37,84,60,46,92.0,15,0,Humanities,0
115,3,3,26,12,14,24,13,38,38,89,67,44,88.0,18,0,Humanities,0
115,4,4,24,11,17,28,15,35,45,95,70,44,88.0,18,0,Humanities,0
116,1,1,15,14,11,17,24,29,28,81,63,22,44.0,20,1,Humanities,1
116,2,2,16,14,11,17,23,30,28,81,68,30,60.0,20,1,Humanities,1
116,3,3,17,15,14,22,26,32,36,94,69,36,72.0,18,1,Humanities,1
116,4,4,20,17,13,21,25,37,34,96,69,40,80.0,17,1,Humanities,1
117,1,1,11,11,16,11,15,22,27,64,60,25,50.0,18,0,Humanities,1
117,2,2,17,18,15,10,15,35,25,75,63,23,46.0,22,0,Humanities,1
117,3,3,19,20,17,11,17,39,28,84,69,30,60.0,24,0,Humanities,1
117,4,4,20,21,15,11,15,41,26,82,67,36,72.0,21,0,Humanities,1
118,1,1,17,7,11,20,11,24,31,66,62,27,54.0,22,1,STEM,1
118,2,2,22,8,10,19,12,30,29,71,66,26,52.0,17,1,STEM,1
118,3,3,22,8,9,18,13,30,27,70,64,32,64.0,18,1,STEM,1
118,4,4,22,9,13,24,16,31,37,84,65,28,56.0,18,1,STEM,1
119,1,1,19,9,4,19,14,28,23,65,81,27,54.0,12,0,Arts,1
119,2,2,24,11,6,23,18,35,29,82,82,30,60.0,15,0,Arts,1
119,3,3,26,13,7,27,12,39,34,85,83,34,68.0,13,0,Arts,1
119,4,4,25,12,7,28,15,37,35,87,90,45,90.0,11,0,Arts,1
120,1,1,8,17,25,9,18,25,34,77,58,10,20.0,21,0,Arts,0
120,2,2,11,23,25,10,17,34,35,86,57,18,36.0,17,0,Arts,0
120,3,3,11,24,28,12,16,35,40,91,59,19,38.0,15,0,Arts,0
120,4,4,13,27,27,10,19,40,37,96,60,31,62.0,14,0,Arts,0
121,1,1,20,8,12,17,16,28,29,73,59,22,44.0,15,1,Humanities,1
121,2,2,28,12,14,20,18,40,34,92,62,25,50.0,12,1,Humanities,1
121,3,3,28,22,15,23,14,50,38,102,64,23,46.0,19,1,Humanities,1
121,4,4,28,21,14,22,13,49,36,98,72,29,58.0,17,1,Humanities,1
122,1,1,4,22,14,11,13,26,25,64,67,30,60.0,20,0,STEM,0
122,2,2,4,28,13,11,10,32,24,66,68,34,68.0,20,0,STEM,0
122,3,3,4,28,20,16,12,32,36,80,70,31,62.0,16,0,STEM,0
122,4,4,4,28,22,18,16,32,40,88,73,30,60.0,17,0,STEM,0
123,1,1,15,18,15,13,18,33,28,79,72,24,48.0,20,0,Humanities,0
123,2,2,14,16,16,15,18,30,31,79,75,25,50.0,20,0,Humanities,0
123,3,3,17,20,17,15,19,37,32,88,75,30,60.0,14,0,Humanities,0
123,4,4,14,16,16,15,18,30,31,79,82,33,66.0,21,0,Humanities,0
124,1,1,13,13,13,24,14,26,37,77,65,12,24.0,20,0,Arts,1
124,2,2,16,17,15,26,14,33,41,88,61,19,38.0,17,0,Arts,1
124,3,3,14,15,16,28,12,29,44,85,70,12,24.0,22,0,Arts,1
124,4,4,19,20,17,28,11,39,45,95,60,20,40.0,19,0,Arts,1
125,1,1,15,18,23,12,20,33,35,88,50,24,48.0,10,0,Humanities,0
125,2,2,16,18,23,11,19,34,34,87,68,27,54.0,13,0,Humanities,0
125,3,3,17,20,23,11,26,37,34,97,66,27,54.0,10,0,Humanities,0
125,4,4,16,18,28,19,22,34,47,103,69,32,64.0,12,0,Humanities,0
126,1,1,18,19,25,9,17,37,34,88,76,33,66.0,19,1,Arts,1
126,2,2,20,21,25,9,20,41,34,95,85,33,66.0,26,1,Arts,1
126,3,3,22,22,26,10,18,44,36,98,77,39,78.0,24,1,Arts,1
126,4,4,24,24,20,7,15,48,27,90,83,49,98.0,20,1,Arts,1
127,1,1,9,14,11,19,16,23,30,69,74,28,56.0,20,1,Arts,0
127,2,2,11,18,11,17,16,29,28,73,82,30,60.0,16,1,Arts,0
127,3,3,12,19,13,22,12,31,35,78,82,30,60.0,20,1,Arts,0
127,4,4,9,15,10,17,13,24,27,64,86,29,58.0,18,1,Arts,0
128,1,1,14,16,12,14,19,30,26,75,60,17,34.0,24,0,STEM,1
128,2,2,15,17,15,17,19,32,32,83,71,31,62.0,24,0,STEM,1
128,3,3,16,19,19,20,21,35,39,95,59,36,72.0,26,0,STEM,1
128,4,4,19,22,16,18,19,41,34,94,63,39,78.0,25,0,STEM,1
129,1,1,18,10,14,16,12,28,30,70,56,24,48.0,21,0,STEM,1
129,2,2,22,12,15,16,16,34,31,81,50,31,62.0,22,0,STEM,1
129,3,3,25,14,14,16,14,39,30,83,54,41,82.0,18,0,STEM,1
129,4,4,24,13,17,20,16,37,37,90,60,40,80.0,23,0,STEM,1
130,1,1,15,11,15,14,17,26,29,72,70,20,40.0,20,0,STEM,1
130,2,2,17,12,19,19,20,29,38,87,73,25,50.0,21,0,STEM,1
130,3,3,14,10,15,15,19,24,30,73,69,23,46.0,22,0,STEM,1
130,4,4,15,11,15,15,18,26,30,74,75,29,58.0,24,0,STEM,1
131,1,1,19,6,13,13,17,25,26,68,63,9,18.0,18,0,STEM,1
131,2,2,18,5,17,18,14,23,35,72,68,12,24.0,20,0,STEM,1
131,3,3,21,6,17,17,16,27,34,77,64,13,26.0,18,0,STEM,1
131,4,4,17,5,23,23,17,22,46,85,62,21,42.0,18,0,STEM,1
132,1,1,13,11,11,13,15,24,24,63,74,10,20.0,23,0,STEM,1
132,2,2,15,13,13,14,12,28,27,67,71,14,28.0,24,0,STEM,1
132,3,3,12,11,15,17,12,23,32,67,60,24,48.0,24,0,STEM,1
132,4,4,14,12,13,14,13,26,27,66,74,26,52.0,20,0,STEM,1
133,1,1,13,14,14,14,10,27,28,65,46,34,68.0,16,0,Humanities,1
133,2,2,15,15,16,17,13,30,33,76,45,28,56.0,19,0,Humanities,1
133,3,3,13,14,16,17,15,27,33,75,52,32,64.0,19,0,Humanities,1
133,4,4,17,17,20,21,14,34,41,89,56,34,68.0,23,0,Humanities,1
134,1,1,27,5,24,12,17,32,36,85,67,18,36.0,16,0,Humanities,0
134,2,2,28,10,25,13,17,38,38,93,76,26,52.0,21,0,Humanities,0
134,3,3,28,6,23,12,18,34,35,87,72,28,56.0,19,0,Humanities,0
134,4,4,28,9,27,14,20,37,41,98,71,38,76.0,17,0,Humanities,0
135,1,1,17,9,14,14,12,26,28,66,60,22,44.0,28,1,STEM,0
135,2,2,20,10,13,12,17,30,25,72,52,24,48.0,28,1,STEM,0
135,3,3,24,12,18,18,16,36,36,88,52,28,56.0,27,1,STEM,0
135,4,4,28,20,16,15,17,48,31,96,56,29,58.0,27,1,STEM,0
136,1,1,18,13,28,8,13,31,36,80,76,18,36.0,25,0,Arts,1
136,2,2,22,16,28,13,14,38,41,93,69,23,46.0,19,0,Arts,1
136,3,3,23,16,28,11,14,39,39,92,79,27,54.0,18,0,Arts,1
136,4,4,28,21,28,10,15,49,38,102,68,32,64.0,20,0,Arts,1
137,1,1,5,15,9,13,12,20,22,54,64,36,72.0,20,1,Humanities,1
137,2,2,8,24,10,15,12,32,25,69,67,38,76.0,21,1,Humanities,1
137,3,3,9,27,10,15,14,36,25,75,71,43,86.0,23,1,Humanities,1
137,4,4,9,28,9,15,14,37,24,75,80,48,96.0,21,1,Humanities,1
138,1,1,18,7,12,7,18,25,19,62,59,37,74.0,15,0,Humanities,0
138,2,2,18,6,12,8,17,24,20,61,53,31,62.0,16,0,Humanities,0
138,3,3,21,8,18,11,17,29,29,75,59,30,60.0,13,0,Humanities,0
138,4,4,25,9,16,10,18,34,26,78,59,34,68.0,14,0,Humanities,0
139,1,1,21,12,15,16,18,33,31,82,60,35,70.0,12,0,Humanities,0
139,2,2,20,12,17,18,22,32,35,89,68,39,78.0,10,0,Humanities,0
139,3,3,23,14,17,17,21,37,34,92,64,48,96.0,13,0,Humanities,0
139,4,4,20,12,16,17,24,32,33,89,63,50,100.0,12,0,Humanities,0
140,1,1,9,14,19,22,12,23,41,76,74,22,44.0,20,0,Arts,1
140,2,2,11,17,11,14,11,28,25,64,73,15,30.0,19,0,Arts,1
140,3,3,13,20,19,22,13,33,41,87,77,31,62.0,21,0,Arts,1
140,4,4,14,20,18,22,13,34,40,87,74,32,64.0,20,0,Arts,1
141,1,1,16,13,21,18,15,29,39,83,62,24,48.0,17,0,Arts,0
141,2,2,19,16,19,16,15,35,35,85,70,27,54.0,19,0,Arts,0
141,3,3,16,14,23,18,17,30,41,88,67,34,68.0,19,0,Arts,0
141,4,4,16,14,25,21,18,30,46,94,65,43,86.0,18,0,Arts,0
142,1,1,13,25,14,11,20,38,25,83,72,10,20.0,16,0,Arts,1
142,2,2,13,26,16,12,19,39,28,86,65,16,32.0,15,0,Arts,1
142,3,3,13,26,17,12,21,39,29,89,73,11,22.0,14,0,Arts,1
142,4,4,11,21,18,13,21,32,31,84,71,8,16.0,15,0,Arts,1
143,1,1,17,7,15,10,14,24,25,63,84,32,64.0,19,0,Humanities,1
143,2,2,18,7,20,14,16,25,34,75,88,31,62.0,18,0,Humanities,1
143,3,3,20,8,23,16,15,28,39,82,82,42,84.0,17,0,Humanities,1
143,4,4,15,6,24,17,15,21,41,77,84,41,82.0,18,0,Humanities,1
144,1,1,22,10,14,11,17,32,25,74,55,14,28.0,26,0,Humanities,0
144,2,2,22,9,20,14,18,31,34,83,58,10,20.0,25,0,Humanities,0
144,3,3,25,11,20,15,16,36,35,87,52,14,28.0,26,0,Humanities,0
144,4,4,28,12,23,16,16,40,39,95,56,14,28.0,23,0,Humanities,0
145,1,1,21,9,20,4,14,30,24,68,73,26,52.0,24,0,STEM,0
145,2,2,23,9,25,6,13,32,31,76,80,21,42.0,19,0,STEM,0
145,3,3,22,9,26,6,12,31,32,75,88,32,64.0,23,0,STEM,0
145,4,4,22,9,28,12,12,31,40,83,84,34,68.0,19,0,STEM,0
146,1,1,14,17,12,16,18,31,28,77,63,13,26.0,13,0,STEM,0
146,2,2,17,21,16,22,19,38,38,95,63,17,34.0,12,0,STEM,0
146,3,3,17,21,14,19,16,38,33,87,67,19,38.0,8,0,STEM,0
146,4,4,15,19,15,20,19,34,35,88,77,29,58.0,11,0,STEM,0
147,1,1,15,7,10,14,14,22,24,60,58,15,30.0,18,0,STEM,0
147,2,2,20,10,12,17,13,30,29,72,63,20,40.0,21,0,STEM,0
147,3,3,21,10,14,18,14,31,32,77,56,16,32.0,15,0,STEM,0
147,4,4,23,11,13,18,15,34,31,80,55,21,42.0,20,0,STEM,0
148,1,1,7,18,6,12,20,25,18,63,61,18,36.0,17,1,Humanities,0
148,2,2,8,21,6,14,21,29,20,70,60,19,38.0,15,1,Humanities,0
148,3,3,6,16,9,19,19,22,28,69,52,19,38.0,12,1,Humanities,0
148,4,4,6,17,9,20,17,23,29,69,59,19,38.0,14,1,Humanities,0
149,1,1,14,15,13,28,19,29,41,89,66,15,30.0,17,0,STEM,1
149,2,2,15,17,10,22,22,32,32,86,68,22,44.0,15,0,STEM,1
149,3,3,14,16,11,24,19,30,35,84,71,25,50.0,17,0,STEM,1
149,4,4,16,17,11,25,19,33,36,88,70,26,52.0,18,0,STEM,1
150,1,1,14,16,14,18,24,30,32,86,74,23,46.0,17,0,Arts,1
150,2,2,13,15,17,23,22,28,40,90,77,20,40.0,16,0,Arts,1
150,3,3,13,16,14,18,22,29,32,83,84,22,44.0,20,0,Arts,1
150,4,4,10,13,17,23,25,23,40,88,81,20,40.0,16,0,Arts,1
151,1,1,12,17,18,9,14,29,27,70,71,15,30.0,12,1,Arts,1
151,2,2,13,19,17,8,16,32,25,73,65,25,50.0,19,1,Arts,1
151,3,3,12,19,20,10,17,31,30,78,53,25,50.0,14,1,Arts,1
151,4,4,13,20,20,9,17,33,29,79,62,32,64.0,16,1,Arts,1
152,1,1,11,18,21,11,14,29,32,75,74,28,56.0,12,1,STEM,0
152,2,2,11,20,21,11,16,31,32,79,73,30,60.0,11,1,STEM,0
152,3,3,13,23,19,10,17,36,29,82,74,35,70.0,14,1,STEM,0
152,4,4,11,20,22,12,19,31,34,84,78,37,74.0,13,1,STEM,0
153,1,1,15,14,14,14,17,29,28,74,54,10,20.0,20,1,STEM,1
153,2,2,14,14,16,16,15,28,32,75,55,15,30.0,16,1,STEM,1
153,3,3,12,11,16,17,16,23,33,72,59,18,36.0,17,1,STEM,1
153,4,4,14,13,18,19,15,27,37,79,64,14,28.0,17,1,STEM,1
154,1,1,10,18,14,9,15,28,23,66,67,22,44.0,17,0,Arts,0
154,2,2,12,21,22,15,12,33,37,82,66,25,50.0,16,0,Arts,0
154,3,3,15,26,21,15,15,41,36,92,68,31,62.0,17,0,Arts,0
154,4,4,14,26,23,16,15,40,39,94,68,31,62.0,15,0,Arts,0
155,1,1,14,17,17,8,15,31,25,71,59,31,62.0,8,1,STEM,0
155,2,2,15,18,15,7,19,33,22,74,56,26,52.0,10,1,STEM,0
155,3,3,13,17,22,11,16,30,33,79,50,33,66.0,8,1,STEM,0
155,4,4,14,18,22,11,15,32,33,80,61,32,64.0,11,1,STEM,0
156,1,1,16,10,21,4,13,26,25,64,66,16,32.0,28,0,STEM,0
156,2,2,16,10,24,4,16,26,28,70,75,19,38.0,24,0,STEM,0
156,3,3,19,12,24,4,16,31,28,75,73,23,46.0,27,0,STEM,0
156,4,4,21,13,17,4,15,34,21,70,72,12,24.0,24,0,STEM,0
157,1,1,16,18,13,15,16,34,28,78,71,18,36.0,22,1,STEM,1
157,2,2,18,20,14,17,17,38,31,86,70,18,36.0,24,1,STEM,1
157,3,3,17,19,18,20,17,36,38,91,64,19,38.0,21,1,STEM,1
157,4,4,19,21,16,18,16,40,34,90,69,17,34.0,23,1,STEM,1
158,1,1,15,17,12,17,22,32,29,83,59,23,46.0,17,0,STEM,1
158,2,2,16,17,14,20,17,33,34,84,63,24,48.0,15,0,STEM,1
158,3,3,16,18,16,23,20,34,39,93,67,29,58.0,15,0,STEM,1
158,4,4,16,19,20,28,20,35,48,103,65,31,62.0,21,0,STEM,1
159,1,1,9,15,6,21,11,24,27,62,49,28,56.0,16,0,Humanities,0
159,2,2,11,17,7,25,14,28,32,74,46,37,74.0,18,0,Humanities,0
159,3,3,9,15,7,23,13,24,30,67,46,37,74.0,16,0,Humanities,0
159,4,4,10,15,8,26,16,25,34,75,49,45,90.0,17,0,Humanities,0
160,1,1,16,12,17,12,22,28,29,79,64,20,40.0,15,0,Humanities,1
160,2,2,19,14,18,12,21,33,30,84,64,23,46.0,13,0,Humanities,1
160,3,3,19,14,18,13,23,33,31,87,70,29,58.0,14,0,Humanities,1
160,4,4,20,15,19,13,19,35,32,86,78,37,74.0,14,0,Humanities,1
161,1,1,19,13,23,15,17,32,38,87,62,21,42.0,28,0,Humanities,1
161,2,2,18,13,19,13,18,31,32,81,64,23,46.0,24,0,Humanities,1
161,3,3,22,15,18,12,21,37,30,88,72,18,36.0,25,0,Humanities,1
161,4,4,22,16,22,15,15,38,37,90,67,25,50.0,24,0,Humanities,1
162,1,1,12,19,12,11,15,31,23,69,60,25,50.0,26,0,STEM,1
162,2,2,13,19,13,11,13,32,24,69,69,25,50.0,25,0,STEM,1
162,3,3,15,23,13,11,15,38,24,77,72,33,66.0,27,0,STEM,1
162,4,4,16,23,18,15,16,39,33,88,66,40,80.0,28,0,STEM,1
163,1,1,18,21,17,21,8,39,38,85,76,13,26.0,18,1,STEM,0
163,2,2,16,19,18,22,7,35,40,82,71,20,40.0,22,1,STEM,0
163,3,3,16,20,20,24,11,36,44,91,75,11,22.0,15,1,STEM,0
163,4,4,17,21,19,24,11,38,43,92,75,20,40.0,19,1,STEM,0
164,1,1,13,13,12,10,13,26,22,61,50,26,52.0,22,0,Arts,1
164,2,2,16,16,10,9,14,32,19,65,60,28,56.0,19,0,Arts,1
164,3,3,17,17,14,12,15,34,26,75,60,25,50.0,24,0,Arts,1
164,4,4,19,17,11,9,17,36,20,73,66,28,56.0,21,0,Arts,1
165,1,1,7,21,4,22,20,28,26,74,65,26,52.0,20,1,Arts,0
165,2,2,9,28,5,27,18,37,32,87,71,27,54.0,22,1,Arts,0
165,3,3,9,28,6,28,18,37,34,89,67,22,44.0,18,1,Arts,0
165,4,4,11,28,6,28,21,39,34,94,74,24,48.0,18,1,Arts,0
166,1,1,25,7,12,13,12,32,25,69,77,18,36.0,12,1,STEM,0
166,2,2,27,7,15,16,15,34,31,80,80,16,32.0,13,1,STEM,0
166,3,3,25,7,14,15,15,32,29,76,71,17,34.0,9,1,STEM,0
166,4,4,23,6,15,17,16,29,32,77,79,25,50.0,12,1,STEM,0
167,1,1,4,28,16,7,16,32,23,71,39,14,28.0,18,0,Humanities,0
167,2,2,4,28,18,9,12,32,27,71,55,15,30.0,17,0,Humanities,0
167,3,3,4,28,19,9,13,32,28,73,57,16,32.0,17,0,Humanities,0
167,4,4,4,28,22,11,11,32,33,76,42,25,50.0,16,0,Humanities,0
168,1,1,24,12,10,28,14,36,38,88,68,16,32.0,16,1,STEM,1
168,2,2,26,13,11,28,13,39,39,91,69,23,46.0,15,1,STEM,1
168,3,3,28,17,8,21,15,45,29,89,72,24,48.0,17,1,STEM,1
168,4,4,28,19,10,28,13,47,38,98,77,26,52.0,18,1,STEM,1
169,1,1,16,11,7,19,17,27,26,70,64,25,50.0,15,1,STEM,0
169,2,2,19,13,7,19,17,32,26,75,53,25,50.0,15,1,STEM,0
169,3,3,17,12,8,19,19,29,27,75,63,29,58.0,16,1,STEM,0
169,4,4,15,11,11,26,19,26,37,82,63,37,74.0,19,1,STEM,0
170,1,1,21,4,12,13,16,25,25,66,59,28,56.0,16,1,STEM,1
170,2,2,27,4,15,16,17,31,31,79,64,29,58.0,18,1,STEM,1
170,3,3,28,5,14,16,16,33,30,79,73,36,72.0,18,1,STEM,1
170,4,4,28,7,14,15,21,35,29,85,67,40,80.0,20,1,STEM,1
171,1,1,14,13,8,16,11,27,24,62,68,18,36.0,16,0,Humanities,0
171,2,2,16,13,11,21,16,29,32,77,68,19,38.0,17,0,Humanities,0
171,3,3,17,14,11,19,14,31,30,75,69,20,40.0,16,0,Humanities,0
171,4,4,17,14,14,27,17,31,41,89,69,23,46.0,19,0,Humanities,0
172,1,1,21,5,17,10,13,26,27,66,62,23,46.0,20,0,Arts,1
172,2,2,24,6,22,13,15,30,35,80,60,27,54.0,20,0,Arts,1
172,3,3,22,6,28,19,13,28,47,88,65,35,70.0,20,0,Arts,1
172,4,4,18,4,28,20,11,22,48,81,60,40,80.0,19,0,Arts,1
173,1,1,14,17,10,19,13,31,29,73,59,8,16.0,19,1,STEM,1
173,2,2,12,15,9,19,14,27,28,69,52,10,20.0,19,1,STEM,1
173,3,3,13,17,9,18,16,30,27,73,59,6,12.0,19,1,STEM,1
173,4,4,13,17,8,17,18,30,25,73,60,8,16.0,22,1,STEM,1
174,1,1,18,7,7,10,13,25,17,55,55,12,24.0,16,0,STEM,0
174,2,2,25,9,13,18,11,34,31,76,65,24,48.0,15,0,STEM,0
174,3,3,28,11,9,12,13,39,21,73,74,29,58.0,12,0,STEM,0
174,4,4,28,14,9,12,11,42,21,74,70,34,68.0,14,0,STEM,0
175,1,1,26,8,16,22,20,34,38,92,59,19,38.0,14,1,Humanities,1
175,2,2,28,11,15,20,22,39,35,96,65,25,50.0,13,1,Humanities,1
175,3,3,28,11,19,25,19,39,44,102,64,26,52.0,14,1,Humanities,1
175,4,4,28,14,17,23,20,42,40,102,71,22,44.0,15,1,Humanities,1
176,1,1,12,19,12,12,15,31,24,70,63,19,38.0,11,0,Humanities,0
176,2,2,14,24,16,16,14,38,32,84,54,20,40.0,13,0,Humanities,0
176,3,3,12,19,15,15,14,31,30,75,54,22,44.0,14,0,Humanities,0
176,4,4,12,21,18,17,13,33,35,81,55,24,48.0,13,0,Humanities,0
177,1,1,16,9,8,15,20,25,23,68,73,13,26.0,26,0,Humanities,1
177,2,2,19,10,9,15,22,29,24,75,76,18,36.0,20,0,Humanities,1
177,3,3,22,13,9,16,18,35,25,78,80,13,26.0,21,0,Humanities,1
177,4,4,23,13,9,17,21,36,26,83,79,20,40.0,20,0,Humanities,1
178,1,1,6,26,15,13,18,32,28,78,52,18,36.0,11,1,STEM,1
178,2,2,8,28,16,15,19,36,31,86,59,21,42.0,10,1,STEM,1
178,3,3,8,28,16,15,20,36,31,87,65,17,34.0,8,1,STEM,1
178,4,4,7,28,17,16,21,35,33,89,66,24,48.0,11,1,STEM,1
179,1,1,14,17,11,22,22,31,33,86,69,23,46.0,21,1,Humanities,0
179,2,2,16,20,12,23,18,36,35,89,71,28,56.0,23,1,Humanities,0
179,3,3,17,22,12,24,20,39,36,95,73,35,70.0,21,1,Humanities,0
179,4,4,19,23,12,22,21,42,34,97,81,41,82.0,27,1,Humanities,0
180,1,1,26,13,14,17,14,39,31,84,74,18,36.0,21,0,STEM,0
180,2,2,28,15,16,19,11,43,35,89,67,24,48.0,24,0,STEM,0
180,3,3,28,18,22,27,14,46,49,109,76,24,48.0,23,0,STEM,0
180,4,4,28,22,19,23,14,50,42,106,80,31,62.0,23,0,STEM,0
181,1,1,11,21,11,23,16,32,34,82,58,1,2.0,17,0,Arts,1
181,2,2,12,21,9,19,17,33,28,78,52,5,10.0,14,0,Arts,1
181,3,3,13,24,9,19,17,37,28,82,55,16,32.0,17,0,Arts,1
181,4,4,13,24,11,22,16,37,33,86,52,22,44.0,18,0,Arts,1
182,1,1,11,16,19,10,14,27,29,70,59,6,12.0,8,0,Arts,0
182,2,2,10,15,18,9,13,25,27,65,55,9,18.0,9,0,Arts,0
182,3,3,11,16,17,9,14,27,26,67,66,14,28.0,8,0,Arts,0
182,4,4,12,17,21,10,13,29,31,73,66,19,38.0,8,0,Arts,0
183,1,1,13,13,18,12,12,26,30,68,66,19,38.0,18,0,STEM,1
183,2,2,12,13,18,12,16,25,30,71,73,15,30.0,17,0,STEM,1
183,3,3,14,14,24,16,9,28,40,77,75,23,46.0,17,0,STEM,1
183,4,4,11,11,28,20,14,22,48,84,78,23,46.0,21,0,STEM,1
184,1,1,17,11,16,22,19,28,38,85,60,23,46.0,18,1,STEM,0
184,2,2,23,14,14,20,16,37,34,87,59,26,52.0,18,1,STEM,0
184,3,3,22,14,17,25,19,36,42,97,58,30,60.0,18,1,STEM,0
184,4,4,24,15,17,24,16,39,41,96,71,38,76.0,19,1,STEM,0
185,1,1,9,21,23,7,13,30,30,73,52,5,10.0,13,1,Humanities,1
185,2,2,10,21,28,9,12,31,37,80,62,2,4.0,14,1,Humanities,1
185,3,3,10,23,26,8,10,33,34,77,76,9,18.0,14,1,Humanities,1
185,4,4,11,24,28,13,15,35,41,91,74,5,10.0,15,1,Humanities,1
186,1,1,15,20,10,16,17,35,26,78,65,21,42.0,17,0,Humanities,1
186,2,2,12,15,14,20,19,27,34,80,69,22,44.0,17,0,Humanities,1
186,3,3,16,20,13,20,17,36,33,86,69,32,64.0,15,0,Humanities,1
186,4,4,13,17,17,24,22,30,41,93,71,31,62.0,15,0,Humanities,1
187,1,1,8,23,13,16,14,31,29,74,68,18,36.0,24,0,Arts,1
187,2,2,9,25,17,20,14,34,37,85,68,19,38.0,24,0,Arts,1
187,3,3,8,24,20,22,15,32,42,89,70,22,44.0,25,0,Arts,1
187,4,4,8,24,23,27,16,32,50,98,76,21,42.0,19,0,Arts,1
188,1,1,23,9,11,18,16,32,29,77,65,38,76.0,20,0,Humanities,0
188,2,2,20,9,12,19,14,29,31,74,60,31,62.0,22,0,Humanities,0
188,3,3,25,11,17,28,15,36,45,96,64,45,90.0,22,0,Humanities,0
188,4,4,22,9,16,27,19,31,43,93,63,48,96.0,21,0,Humanities,0
189,1,1,13,14,10,20,16,27,30,73,58,20,40.0,11,0,Humanities,1
189,2,2,16,17,11,22,15,33,33,81,57,22,44.0,14,0,Humanities,1
189,3,3,18,19,12,26,18,37,38,93,65,29,58.0,12,0,Humanities,1
189,4,4,21,22,11,23,17,43,34,94,65,34,68.0,17,0,Humanities,1
190,1,1,11,15,9,22,15,26,31,72,76,25,50.0,11,1,Humanities,0
190,2,2,10,15,8,17,16,25,25,66,73,30,60.0,10,1,Humanities,0
190,3,3,12,16,9,20,14,28,29,71,74,37,74.0,10,1,Humanities,0
190,4,4,11,16,10,24,17,27,34,78,75,49,98.0,11,1,Humanities,0
191,1,1,17,9,19,6,17,26,25,68,87,18,36.0,13,0,STEM,0
191,2,2,20,11,25,8,17,31,33,81,84,22,44.0,15,0,STEM,0
191,3,3,22,11,28,12,19,33,40,92,87,24,48.0,18,0,STEM,0
191,4,4,20,11,28,15,17,31,43,91,84,25,50.0,17,0,STEM,0
192,1,1,15,17,17,16,15,32,33,80,70,10,20.0,15,1,STEM,0
192,2,2,16,19,16,14,12,35,30,77,78,18,36.0,17,1,STEM,0
192,3,3,18,21,16,14,14,39,30,83,76,12,24.0,18,1,STEM,0
192,4,4,23,26,13,12,13,49,25,87,74,22,44.0,19,1,STEM,0
193,1,1,20,12,10,15,17,32,25,74,62,27,54.0,20,0,Arts,1
193,2,2,19,10,14,21,19,29,35,83,65,34,68.0,23,0,Arts,1
193,3,3,26,14,13,21,19,40,34,93,80,44,88.0,20,0,Arts,1
193,4,4,25,14,19,28,21,39,47,107,69,50,100.0,21,0,Arts,1
194,1,1,10,17,11,16,10,27,27,64,51,22,44.0,18,0,Humanities,1
194,2,2,10,18,11,16,9,28,27,64,60,28,56.0,15,0,Humanities,1
194,3,3,8,14,13,19,12,22,32,66,67,26,52.0,18,0,Humanities,1
194,4,4,9,16,13,19,14,25,32,71,64,25,50.0,19,0,Humanities,1
195,1,1,12,17,12,12,14,29,24,67,55,24,48.0,19,1,Arts,0
195,2,2,14,20,15,17,16,34,32,82,63,23,46.0,22,1,Arts,0
195,3,3,14,20,18,19,19,34,37,90,62,26,52.0,18,1,Arts,0
195,4,4,16,21,20,22,18,37,42,97,67,20,40.0,19,1,Arts,0
196,1,1,18,17,19,10,22,35,29,86,70,38,76.0,26,0,Humanities,1
196,2,2,16,14,17,8,20,30,25,75,69,35,70.0,26,0,Humanities,1
196,3,3,18,17,20,10,24,35,30,89,68,37,74.0,26,0,Humanities,1
196,4,4,19,18,25,12,24,37,37,98,70,46,92.0,22,0,Humanities,1
197,1,1,18,9,7,17,12,27,24,63,68,14,28.0,21,1,Arts,0
197,2,2,18,9,9,23,12,27,32,71,77,14,28.0,23,1,Arts,0
197,3,3,15,8,10,26,12,23,36,71,70,14,28.0,19,1,Arts,0
197,4,4,16,8,9,21,10,24,30,64,70,24,48.0,23,1,Arts,0
198,1,1,18,13,6,11,11,31,17,59,80,33,66.0,18,0,Humanities,1
198,2,2,18,14,9,14,16,32,23,71,84,27,54.0,17,0,Humanities,1
198,3,3,18,13,9,16,13,31,25,69,82,33,66.0,16,0,Humanities,1
198,4,4,20,14,7,11,11,34,18,63,75,31,62.0,16,0,Humanities,1
199,1,1,10,20,15,18,17,30,33,80,75,20,40.0,16,0,Humanities,1
199,2,2,12,24,18,21,17,36,39,92,73,23,46.0,17,0,Humanities,1
199,3,3,10,22,20,22,16,32,42,90,69,18,36.0,19,0,Humanities,1
199,4,4,8,18,21,25,16,26,46,88,74,25,50.0,18,0,Humanities,1
200,1,1,13,9,17,10,16,22,27,65,48,28,56.0,13,0,STEM,1
200,2,2,15,11,22,13,14,26,35,75,54,28,56.0,15,0,STEM,1
200,3,3,15,11,21,13,15,26,34,75,58,33,66.0,15,0,STEM,1
200,4,4,16,11,20,11,17,27,31,75,53,35,70.0,16,0,STEM,1
201,1,1,10,21,6,18,17,31,24,72,73,23,46.0,24,0,Humanities,0
201,2,2,12,24,6,20,15,36,26,77,74,26,52.0,21,0,Humanities,0
201,3,3,14,27,8,25,18,41,33,92,78,29,58.0,24,0,Humanities,0
201,4,4,14,27,9,28,17,41,37,95,71,28,56.0,22,0,Humanities,0
202,1,1,12,16,12,9,18,28,21,67,61,26,52.0,15,1,Arts,0
202,2,2,17,21,10,7,16,38,17,71,53,25,50.0,15,1,Arts,0
202,3,3,15,20,13,9,20,35,22,77,63,29,58.0,16,1,Arts,0
202,4,4,18,24,16,12,18,42,28,88,59,33,66.0,18,1,Arts,0
203,1,1,17,15,28,7,16,32,35,83,69,17,34.0,19,0,STEM,0
203,2,2,17,16,28,12,16,33,40,89,59,24,48.0,16,0,STEM,0
203,3,3,18,16,28,17,18,34,45,97,61,28,56.0,18,0,STEM,0
203,4,4,20,18,28,16,21,38,44,103,64,29,58.0,17,0,STEM,0
204,1,1,9,19,16,10,18,28,26,72,68,28,56.0,19,0,STEM,1
204,2,2,11,25,20,12,16,36,32,84,61,25,50.0,17,0,STEM,1
204,3,3,10,23,20,12,17,33,32,82,70,37,74.0,18,0,STEM,1
204,4,4,11,23,23,14,19,34,37,90,71,46,92.0,20,0,STEM,1
205,1,1,17,8,15,16,15,25,31,71,86,12,24.0,17,1,Humanities,1
205,2,2,17,8,16,16,15,25,32,72,81,13,26.0,15,1,Humanities,1
205,3,3,19,8,22,23,13,27,45,85,74,17,34.0,13,1,Humanities,1
205,4,4,17,8,23,24,15,25,47,87,83,15,30.0,21,1,Humanities,1
206,1,1,9,22,5,16,16,31,21,68,92,27,54.0,11,0,STEM,1
206,2,2,8,21,6,18,14,29,24,67,88,32,64.0,11,0,STEM,1
206,3,3,8,19,7,22,15,27,29,71,92,34,68.0,15,0,STEM,1
206,4,4,6,17,7,20,13,23,27,63,92,32,64.0,12,0,STEM,1
207,1,1,17,11,6,21,18,28,27,73,76,13,26.0,19,1,STEM,1
207,2,2,21,13,7,24,16,34,31,81,69,21,42.0,19,1,STEM,1
207,3,3,21,13,7,24,17,34,31,82,75,21,42.0,17,1,STEM,1
207,4,4,24,15,7,24,14,39,31,84,78,27,54.0,20,1,STEM,1
208,1,1,18,14,17,14,19,32,31,82,64,20,40.0,22,0,Arts,1
208,2,2,18,13,20,16,22,31,36,89,69,21,42.0,18,0,Arts,1
208,3,3,21,16,17,14,24,37,31,92,71,27,54.0,18,0,Arts,1
208,4,4,18,13,19,15,20,31,34,85,65,24,48.0,17,0,Arts,1
209,1,1,16,19,5,20,16,35,25,76,72,18,36.0,20,0,Humanities,1
209,2,2,16,18,4,16,17,34,20,71,71,27,54.0,21,0,Humanities,1
209,3,3,17,20,6,24,16,37,30,83,80,29,58.0,21,0,Humanities,1
209,4,4,17,20,7,24,18,37,31,86,78,30,60.0,18,0,Humanities,1
210,1,1,18,18,19,20,13,36,39,88,58,31,62.0,16,0,Humanities,1
210,2,2,19,18,18,18,15,37,36,88,77,33,66.0,15,0,Humanities,1
210,3,3,19,19,20,21,11,38,41,90,75,42,84.0,16,0,Humanities,1
210,4,4,17,17,19,20,15,34,39,88,78,44,88.0,15,0,Humanities,1
211,1,1,15,13,10,18,18,28,28,74,65,21,42.0,22,1,STEM,1
211,2,2,19,16,10,20,19,35,30,84,66,22,44.0,21,1,STEM,1
211,3,3,20,17,14,26,19,37,40,96,63,26,52.0,22,1,STEM,1
211,4,4,19,16,12,22,19,35,34,88,67,36,72.0,22,1,STEM,1
212,1,1,22,10,15,11,15,32,26,73,76,24,48.0,17,0,Humanities,1
212,2,2,25,11,19,14,13,36,33,82,82,27,54.0,15,0,Humanities,1
212,3,3,25,12,20,15,16,37,35,88,86,27,54.0,13,0,Humanities,1
212,4,4,23,11,24,17,13,34,41,88,81,25,50.0,12,0,Humanities,1
213,1,1,25,9,21,13,6,34,34,74,69,18,36.0,27,0,Humanities,1
213,2,2,25,10,24,16,8,35,40,83,67,20,40.0,23,0,Humanities,1
213,3,3,25,10,24,15,8,35,39,82,71,26,52.0,23,0,Humanities,1
213,4,4,27,11,28,21,8,38,49,95,70,36,72.0,28,0,Humanities,1
214,1,1,9,18,18,12,15,27,30,72,59,25,50.0,12,1,Humanities,0
214,2,2,10,21,22,15,18,31,37,86,70,37,74.0,10,1,Humanities,0
214,3,3,11,23,21,14,18,34,35,87,71,36,72.0,12,1,Humanities,0
214,4,4,10,21,28,25,14,31,53,98,74,46,92.0,10,1,Humanities,0
215,1,1,23,4,19,10,15,27,29,71,64,24,48.0,18,1,Arts,1
215,2,2,23,5,20,11,15,28,31,74,77,33,66.0,21,1,Arts,1
215,3,3,24,5,24,13,14,29,37,80,79,32,64.0,19,1,Arts,1
215,4,4,28,8,21,12,14,36,33,83,82,37,74.0,20,1,Arts,1
216,1,1,22,11,20,17,14,33,37,84,67,34,68.0,20,0,Arts,1
216,2,2,24,12,20,17,16,36,37,89,69,44,88.0,20,0,Arts,1
216,3,3,26,12,22,18,18,38,40,96,71,46,92.0,21,0,Arts,1
216,4,4,26,12,23,18,17,38,41,96,78,50,100.0,21,0,Arts,1
217,1,1,15,11,25,13,14,26,38,78,71,24,48.0,16,0,Humanities,0
217,2,2,19,13,26,15,16,32,41,89,67,20,40.0,15,0,Humanities,0
217,3,3,18,12,24,13,18,30,37,85,73,21,42.0,16,0,Humanities,0
217,4,4,19,13,28,16,19,32,44,95,72,20,40.0,13,0,Humanities,0
218,1,1,11,15,17,15,12,26,32,70,58,27,54.0,23,0,STEM,1
218,2,2,12,15,14,12,14,27,26,67,64,29,58.0,17,0,STEM,1
218,3,3,13,18,21,18,15,31,39,85,64,31,62.0,21,0,STEM,1
218,4,4,13,16,20,16,14,29,36,79,63,35,70.0,18,0,STEM,1
219,1,1,14,13,11,13,18,27,24,69,64,22,44.0,25,0,Arts,0
219,2,2,16,14,11,14,18,30,25,73,62,25,50.0,24,0,Arts,0
219,3,3,16,15,20,24,18,31,44,93,64,28,56.0,23,0,Arts,0
219,4,4,21,19,19,23,19,40,42,101,63,30,60.0,24,0,Arts,0
220,1,1,15,13,6,23,12,28,29,69,58,27,54.0,12,0,Humanities,1
220,2,2,16,14,7,28,12,30,35,77,59,36,72.0,10,0,Humanities,1
220,3,3,19,15,7,28,15,34,35,84,65,32,64.0,10,0,Humanities,1
220,4,4,21,18,8,28,13,39,36,88,71,41,82.0,8,0,Humanities,1
221,1,1,10,27,23,9,18,37,32,87,67,21,42.0,20,0,Humanities,0
221,2,2,10,27,28,13,17,37,41,95,75,16,32.0,20,0,Humanities,0
221,3,3,9,22,26,11,16,31,37,84,78,24,48.0,19,0,Humanities,0
221,4,4,8,22,27,11,18,30,38,86,73,18,36.0,23,0,Humanities,0
222,1,1,13,10,27,8,14,23,35,72,66,22,44.0,9,0,Humanities,1
222,2,2,18,14,28,10,16,32,38,86,70,35,70.0,10,0,Humanities,1
222,3,3,16,14,28,15,12,30,43,85,79,35,70.0,8,0,Humanities,1
222,4,4,20,16,28,11,16,36,39,91,74,37,74.0,8,0,Humanities,1
223,1,1,19,12,16,20,15,31,36,82,74,17,34.0,16,0,STEM,0
223,2,2,23,13,16,18,17,36,34,87,64,21,42.0,18,0,STEM,0
223,3,3,22,13,14,17,17,35,31,83,73,31,62.0,10,0,STEM,0
223,4,4,25,15,17,21,22,40,38,100,78,29,58.0,17,0,STEM,0
224,1,1,14,13,9,12,16,27,21,64,80,19,38.0,24,1,Arts,1
224,2,2,16,14,11,15,16,30,26,72,85,27,54.0,25,1,Arts,1
224,3,3,15,14,11,15,15,29,26,70,76,29,58.0,24,1,Arts,1
224,4,4,16,15,13,18,16,31,31,78,86,37,74.0,23,1,Arts,1
225,1,1,20,8,8,25,12,28,33,73,68,22,44.0,17,1,Humanities,0
225,2,2,17,7,8,22,8,24,30,62,62,32,64.0,16,1,Humanities,0
225,3,3,19,8,10,28,13,27,38,78,64,37,74.0,16,1,Humanities,0
225,4,4,21,8,10,28,11,29,38,78,68,40,80.0,15,1,Humanities,0
226,1,1,6,28,10,12,17,34,22,73,78,23,46.0,13,0,Arts,0
226,2,2,6,28,15,18,22,34,33,89,76,33,66.0,11,0,Arts,0
226,3,3,6,28,11,13,16,34,24,74,73,24,48.0,16,0,Arts,0
226,4,4,6,27,10,13,22,33,23,78,72,30,60.0,14,0,Arts,0
227,1,1,22,8,14,14,14,30,28,72,56,19,38.0,17,1,Humanities,1
227,2,2,25,8,19,18,15,33,37,85,59,17,34.0,15,1,Humanities,1
227,3,3,22,8,19,17,14,30,36,80,60,22,44.0,20,1,Humanities,1
227,4,4,24,8,25,24,16,32,49,97,71,28,56.0,16,1,Humanities,1
228,1,1,16,15,7,16,18,31,23,72,63,25,50.0,28,0,Humanities,1
228,2,2,14,13,9,19,19,27,28,74,64,28,56.0,25,0,Humanities,1
228,3,3,16,15,8,16,19,31,24,74,66,30,60.0,24,0,Humanities,1
228,4,4,16,14,8,18,19,30,26,75,65,38,76.0,28,0,Humanities,1
229,1,1,15,9,11,22,16,24,33,73,68,34,68.0,11,0,Humanities,1
229,2,2,19,11,10,21,17,30,31,78,71,40,80.0,8,0,Humanities,1
229,3,3,19,10,10,19,15,29,29,73,73,44,88.0,8,0,Humanities,1
229,4,4,20,11,11,22,17,31,33,81,69,46,92.0,9,0,Humanities,1
230,1,1,17,13,12,11,20,30,23,73,69,28,56.0,14,0,STEM,1
230,2,2,18,14,17,17,20,32,34,86,75,35,70.0,14,0,STEM,1
230,3,3,18,14,18,17,21,32,35,88,78,37,74.0,15,0,STEM,1
230,4,4,18,13,19,18,21,31,37,89,70,41,82.0,10,0,STEM,1
231,1,1,10,19,14,16,14,29,30,73,64,29,58.0,21,0,STEM,0
231,2,2,12,22,15,17,18,34,32,84,68,30,60.0,23,0,STEM,0
231,3,3,11,20,17,19,18,31,36,85,71,34,68.0,28,0,STEM,0
231,4,4,9,17,19,21,18,26,40,84,70,31,62.0,27,0,STEM,0
232,1,1,13,19,11,20,14,32,31,77,72,20,40.0,25,1,STEM,0
232,2,2,11,17,12,24,15,28,36,79,67,17,34.0,28,1,STEM,0
232,3,3,11,15,15,28,13,26,43,82,63,15,30.0,23,1,STEM,0
232,4,4,10,14,14,25,16,24,39,79,74,18,36.0,28,1,STEM,0
233,1,1,14,15,24,10,13,29,34,76,53,17,34.0,15,0,Humanities,1
233,2,2,15,15,27,12,15,30,39,84,52,19,38.0,15,0,Humanities,1
233,3,3,14,15,28,15,17,29,43,89,57,17,34.0,17,0,Humanities,1
233,4,4,16,17,28,21,16,33,49,98,57,18,36.0,16,0,Humanities,1
234,1,1,9,18,4,24,14,27,28,69,60,30,60.0,15,1,STEM,0
234,2,2,9,18,4,25,16,27,29,72,65,34,68.0,16,1,STEM,0
234,3,3,9,17,4,22,14,26,26,66,72,41,82.0,12,1,STEM,0
234,4,4,8,16,5,28,15,24,33,72,70,49,98.0,14,1,STEM,0
235,1,1,14,22,18,8,18,36,26,80,70,24,48.0,26,0,STEM,0
235,2,2,14,20,21,10,18,34,31,83,81,28,56.0,26,0,STEM,0
235,3,3,14,20,19,9,16,34,28,78,83,28,56.0,28,0,STEM,0
235,4,4,12,19,27,12,19,31,39,89,83,26,52.0,27,0,STEM,0
236,1,1,18,12,10,18,8,30,28,66,65,33,66.0,23,1,Humanities,1
236,2,2,18,12,13,23,8,30,36,74,77,42,84.0,22,1,Humanities,1
236,3,3,23,16,14,25,11,39,39,89,73,41,82.0,24,1,Humanities,1
236,4,4,18,12,17,28,14,30,45,89,77,40,80.0,24,1,Humanities,1
237,1,1,16,10,17,17,12,26,34,72,64,17,34.0,21,1,Humanities,1
237,2,2,16,11,16,17,14,27,33,74,66,23,46.0,21,1,Humanities,1
237,3,3,14,9,18,19,12,23,37,72,78,27,54.0,21,1,Humanities,1
237,4,4,16,10,20,20,12,26,40,78,71,41,82.0,20,1,Humanities,1
238,1,1,7,22,14,12,11,29,26,66,67,22,44.0,15,1,Arts,0
238,2,2,9,28,14,11,14,37,25,76,70,24,48.0,15,1,Arts,0
238,3,3,9,27,17,15,13,36,32,81,76,20,40.0,17,1,Arts,0
238,4,4,7,23,18,16,10,30,34,74,72,25,50.0,11,1,Arts,0
239,1,1,12,16,17,17,16,28,34,78,63,12,24.0,20,0,Humanities,0
239,2,2,16,20,16,16,17,36,32,85,72,12,24.0,19,0,Humanities,0
239,3,3,18,23,19,20,20,41,39,100,71,19,38.0,19,0,Humanities,0
239,4,4,17,22,21,23,19,39,44,102,61,21,42.0,13,0,Humanities,0
240,1,1,19,14,15,15,23,33,30,86,62,22,44.0,15,0,Humanities,1
240,2,2,20,15,16,16,22,35,32,89,57,24,48.0,15,0,Humanities,1
240,3,3,20,14,22,23,21,34,45,100,63,22,44.0,16,0,Humanities,1
240,4,4,20,15,20,20,22,35,40,97,66,37,74.0,18,0,Humanities,1
241,1,1,14,12,12,13,13,26,25,64,75,28,56.0,20,0,STEM,1
241,2,2,16,13,13,14,16,29,27,72,71,31,62.0,17,0,STEM,1
241,3,3,17,15,16,18,14,32,34,80,80,35,70.0,25,0,STEM,1
241,4,4,20,16,15,16,15,36,31,82,80,36,72.0,19,0,STEM,1
242,1,1,11,16,17,18,12,27,35,74,73,14,28.0,23,0,Arts,1
242,2,2,11,17,19,20,14,28,39,81,71,30,60.0,25,0,Arts,1
242,3,3,12,19,22,22,18,31,44,93,74,34,68.0,26,0,Arts,1
242,4,4,13,19,21,22,15,32,43,90,66,36,72.0,22,0,Arts,1
243,1,1,17,14,17,11,13,31,28,72,59,31,62.0,22,1,Humanities,1
243,2,2,20,18,21,14,16,38,35,89,70,25,50.0,23,1,Humanities,1
243,3,3,19,16,19,12,12,35,31,78,70,30,60.0,24,1,Humanities,1
243,4,4,19,16,20,13,17,35,33,85,71,25,50.0,19,1,Humanities,1
244,1,1,14,23,19,12,20,37,31,88,57,21,42.0,14,1,Humanities,0
244,2,2,14,25,21,13,17,39,34,90,57,28,56.0,13,1,Humanities,0
244,3,3,16,27,17,11,17,43,28,88,55,32,64.0,15,1,Humanities,0
244,4,4,17,28,19,12,14,45,31,90,65,32,64.0,10,1,Humanities,0
245,1,1,6,14,6,14,13,20,20,53,45,20,40.0,24,1,Humanities,1
245,2,2,7,16,10,24,14,23,34,71,47,31,62.0,26,1,Humanities,1
245,3,3,8,16,12,28,11,24,40,75,41,25,50.0,22,1,Humanities,1
245,4,4,7,16,10,23,11,23,33,67,44,30,60.0,26,1,Humanities,1
246,1,1,20,9,18,8,18,29,26,73,74,14,28.0,22,0,STEM,0
246,2,2,20,9,23,10,18,29,33,80,74,14,28.0,19,0,STEM,0
246,3,3,24,10,24,10,20,34,34,88,73,25,50.0,17,0,STEM,0
246,4,4,22,10,26,11,19,32,37,88,76,27,54.0,17,0,STEM,0
247,1,1,17,10,6,13,17,27,19,63,54,19,38.0,22,1,Arts,1
247,2,2,20,13,8,16,18,33,24,75,63,28,56.0,21,1,Arts,1
247,3,3,19,12,6,12,17,31,18,66,63,33,66.0,21,1,Arts,1
247,4,4,23,15,9,17,19,38,26,83,65,32,64.0,19,1,Arts,1
248,1,1,17,9,16,9,15,26,25,66,57,9,18.0,23,0,STEM,1
248,2,2,20,10,16,9,17,30,25,72,65,7,14.0,21,0,STEM,1
248,3,3,24,13,20,10,17,37,30,84,64,6,12.0,27,0,STEM,1
248,4,4,24,12,24,12,22,36,36,94,59,9,18.0,22,0,STEM,1
249,1,1,14,20,18,13,15,34,31,80,82,21,42.0,12,0,Humanities,0
249,2,2,16,21,21,16,17,37,37,91,72,29,58.0,13,0,Humanities,0
249,3,3,16,22,23,17,15,38,40,93,67,21,42.0,15,0,Humanities,0
249,4,4,15,20,28,21,15,35,49,99,79,26,52.0,15,0,Humanities,0
250,1,1,14,17,8,18,20,31,26,77,62,3,6.0,19,0,Arts,0
250,2,2,15,18,8,18,17,33,26,76,63,15,30.0,16,0,Arts,0
250,3,3,13,15,8,17,19,28,25,72,73,17,34.0,19,0,Arts,0
250,4,4,13,15,9,20,20,28,29,77,74,9,18.0,21,0,Arts,0
251,1,1,9,16,18,9,10,25,27,62,68,32,64.0,19,1,STEM,0
251,2,2,10,17,15,8,9,27,23,59,75,34,68.0,16,1,STEM,0
251,3,3,9,16,20,11,11,25,31,67,72,36,72.0,16,1,STEM,0
251,4,4,13,23,24,13,10,36,37,83,75,47,94.0,14,1,STEM,0
252,1,1,15,18,9,6,18,33,15,66,69,28,56.0,11,1,STEM,0
252,2,2,17,19,14,10,20,36,24,80,79,27,54.0,12,1,STEM,0
252,3,3,17,20,16,12,19,37,28,84,80,34,68.0,14,1,STEM,0
252,4,4,13,15,23,16,18,28,39,85,75,39,78.0,8,1,STEM,0
253,1,1,15,18,16,13,13,33,29,75,70,25,50.0,19,1,STEM,0
253,2,2,19,23,14,12,14,42,26,82,68,32,64.0,19,1,STEM,0
253,3,3,19,23,16,14,13,42,30,85,70,35,70.0,20,1,STEM,0
253,4,4,18,22,17,15,13,40,32,85,74,37,74.0,23,1,STEM,0
254,1,1,17,13,6,9,9,30,15,54,53,31,62.0,28,1,Arts,0
254,2,2,19,14,10,15,9,33,25,67,54,44,88.0,28,1,Arts,0
254,3,3,20,15,12,16,10,35,28,73,67,45,90.0,28,1,Arts,0
254,4,4,23,18,18,26,10,41,44,95,69,43,86.0,28,1,Arts,0
255,1,1,9,14,19,17,17,23,36,76,77,18,36.0,13,0,STEM,0
255,2,2,13,20,20,18,16,33,38,87,71,20,40.0,12,0,STEM,0
255,3,3,12,17,24,21,16,29,45,90,71,20,40.0,9,0,STEM,0
255,4,4,13,20,25,22,18,33,47,98,84,24,48.0,11,0,STEM,0
256,1,1,9,17,11,21,17,26,32,75,63,37,74.0,15,1,Humanities,0
256,2,2,11,20,10,20,16,31,30,77,59,42,84.0,14,1,Humanities,0
256,3,3,11,19,11,23,17,30,34,81,70,42,84.0,18,1,Humanities,0
256,4,4,10,18,11,23,19,28,34,81,70,48,96.0,18,1,Humanities,0
257,1,1,13,15,13,14,14,28,27,69,61,29,58.0,19,0,Humanities,1
257,2,2,17,22,12,12,15,39,24,78,64,30,60.0,20,0,Humanities,1
257,3,3,15,19,15,15,14,34,30,78,67,30,60.0,25,0,Humanities,1
257,4,4,16,19,13,14,16,35,27,78,63,28,56.0,23,0,Humanities,1
258,1,1,13,13,10,25,18,26,35,79,71,21,42.0,19,1,Arts,0
258,2,2,14,14,13,28,19,28,41,88,68,21,42.0,21,1,Arts,0
258,3,3,15,15,14,28,18,30,42,90,74,24,48.0,17,1,Arts,0
258,4,4,15,16,12,27,18,31,39,88,67,31,62.0,15,1,Arts,0
259,1,1,23,14,25,9,19,37,34,90,54,28,56.0,15,0,STEM,1
259,2,2,21,13,28,11,22,34,39,95,54,34,68.0,20,0,STEM,1
259,3,3,24,14,28,14,22,38,42,102,63,39,78.0,16,0,STEM,1
259,4,4,21,13,28,13,22,34,41,97,49,50,100.0,16,0,STEM,1
260,1,1,13,22,9,9,18,35,18,71,63,18,36.0,16,0,Humanities,1
260,2,2,11,17,16,17,21,28,33,82,72,22,44.0,14,0,Humanities,1
260,3,3,14,24,15,15,21,38,30,89,73,26,52.0,14,0,Humanities,1
260,4,4,13,20,16,16,20,33,32,85,81,28,56.0,13,0,Humanities,1
261,1,1,8,16,7,8,21,24,15,60,60,14,28.0,22,1,Arts,1
261,2,2,10,21,9,10,21,31,19,71,65,21,42.0,18,1,Arts,1
261,3,3,10,22,10,13,22,32,23,77,58,27,54.0,18,1,Arts,1
261,4,4,9,20,12,14,21,29,26,76,52,22,44.0,18,1,Arts,1
262,1,1,14,18,18,14,18,32,32,82,63,17,34.0,15,0,STEM,0
262,2,2,16,20,23,17,20,36,40,96,54,23,46.0,16,0,STEM,0
262,3,3,17,20,22,16,18,37,38,93,50,23,46.0,18,0,STEM,0
262,4,4,18,23,21,16,18,41,37,96,60,28,56.0,17,0,STEM,0
263,1,1,17,4,17,6,15,21,23,59,48,20,40.0,9,1,Humanities,0
263,2,2,17,4,17,6,17,21,23,61,47,16,32.0,10,1,Humanities,0
263,3,3,26,7,22,8,18,33,30,81,58,20,40.0,11,1,Humanities,0
263,4,4,25,7,19,7,15,32,26,73,63,19,38.0,11,1,Humanities,0
264,1,1,10,16,10,15,9,26,25,60,71,16,32.0,22,1,Humanities,0
264,2,2,9,14,7,11,9,23,18,50,70,22,44.0,23,1,Humanities,0
264,3,3,12,20,12,19,12,32,31,75,78,21,42.0,23,1,Humanities,0
264,4,4,14,21,9,15,14,35,24,73,76,27,54.0,21,1,Humanities,0
265,1,1,18,16,18,13,11,34,31,76,58,25,50.0,24,0,Arts,1
265,2,2,15,13,16,13,15,28,29,72,66,35,70.0,19,0,Arts,1
265,3,3,19,17,19,15,17,36,34,87,67,38,76.0,23,0,Arts,1
265,4,4,19,18,24,18,17,37,42,96,68,48,96.0,22,0,Arts,1
266,1,1,9,14,20,18,12,23,38,73,80,20,40.0,19,1,Humanities,1
266,2,2,9,15,23,20,11,24,43,78,81,30,60.0,19,1,Humanities,1
266,3,3,11,18,23,21,12,29,44,85,77,40,80.0,19,1,Humanities,1
266,4,4,9,15,22,20,11,24,42,77,76,45,90.0,16,1,Humanities,1
267,1,1,19,18,17,17,22,37,34,93,63,26,52.0,18,0,Humanities,0
267,2,2,14,14,18,18,20,28,36,84,64,26,52.0,18,0,Humanities,0
267,3,3,19,18,20,21,17,37,41,95,66,31,62.0,19,0,Humanities,0
267,4,4,15,15,24,25,23,30,49,102,64,28,56.0,20,0,Humanities,0
268,1,1,17,8,5,24,14,25,29,68,50,20,40.0,23,0,Humanities,1
268,2,2,21,10,4,24,17,31,28,76,51,20,40.0,24,0,Humanities,1
268,3,3,19,10,6,28,17,29,34,80,52,27,54.0,21,0,Humanities,1
268,4,4,17,9,6,28,14,26,34,74,52,27,54.0,24,0,Humanities,1
269,1,1,19,7,16,12,14,26,28,68,56,5,10.0,17,0,Humanities,0
269,2,2,20,7,21,14,16,27,35,78,62,13,26.0,18,0,Humanities,0
269,3,3,20,7,16,12,20,27,28,75,65,18,36.0,16,0,Humanities,0
269,4,4,18,7,17,12,18,25,29,72,59,18,36.0,17,0,Humanities,0
270,1,1,21,8,20,12,16,29,32,77,81,26,52.0,20,1,Humanities,1
270,2,2,24,9,20,12,17,33,32,82,79,30,60.0,20,1,Humanities,1
270,3,3,23,9,24,14,18,32,38,88,77,35,70.0,23,1,Humanities,1
270,4,4,26,10,28,17,20,36,45,101,90,42,84.0,20,1,Humanities,1
271,1,1,23,13,23,11,15,36,34,85,66,3,6.0,13,0,Humanities,1
271,2,2,21,11,25,12,16,32,37,85,63,16,32.0,19,0,Humanities,1
271,3,3,22,12,27,12,15,34,39,88,67,14,28.0,15,0,Humanities,1
271,4,4,27,15,28,16,16,42,44,102,65,21,42.0,19,0,Humanities,1
272,1,1,11,13,16,10,19,24,26,69,59,23,46.0,25,1,STEM,1
272,2,2,13,15,21,13,19,28,34,81,60,18,36.0,20,1,STEM,1
272,3,3,14,17,20,12,20,31,32,83,71,21,42.0,24,1,STEM,1
272,4,4,18,20,21,13,22,38,34,94,67,24,48.0,21,1,STEM,1
273,1,1,15,19,11,15,15,34,26,75,69,13,26.0,21,0,Humanities,0
273,2,2,15,19,15,18,15,34,33,82,67,16,32.0,20,0,Humanities,0
273,3,3,18,23,14,18,13,41,32,86,75,22,44.0,21,0,Humanities,0
273,4,4,17,21,13,16,14,38,29,81,71,24,48.0,15,0,Humanities,0
274,1,1,10,15,10,18,15,25,28,68,66,36,72.0,17,0,Humanities,1
274,2,2,15,20,10,18,18,35,28,81,70,38,76.0,17,0,Humanities,1
274,3,3,15,21,12,23,15,36,35,86,71,38,76.0,16,0,Humanities,1
274,4,4,12,17,12,21,18,29,33,80,64,45,90.0,20,0,Humanities,1
275,1,1,15,12,4,20,16,27,24,67,76,32,64.0,13,0,Humanities,1
275,2,2,16,13,4,20,14,29,24,67,78,29,58.0,14,0,Humanities,1
275,3,3,20,16,5,21,12,36,26,74,77,25,50.0,14,0,Humanities,1
275,4,4,18,14,6,26,16,32,32,80,73,28,56.0,13,0,Humanities,1
276,1,1,12,18,18,11,11,30,29,70,75,23,46.0,17,0,Humanities,1
276,2,2,13,20,22,14,9,33,36,78,70,27,54.0,17,0,Humanities,1
276,3,3,11,17,18,11,11,28,29,68,74,35,70.0,18,0,Humanities,1
276,4,4,11,17,23,14,10,28,37,75,77,35,70.0,15,0,Humanities,1
277,1,1,18,8,10,10,13,26,20,59,63,29,58.0,13,0,STEM,0
277,2,2,24,12,14,14,15,36,28,79,65,37,74.0,13,0,STEM,0
277,3,3,24,11,12,11,13,35,23,71,59,43,86.0,15,0,STEM,0
277,4,4,22,11,14,13,12,33,27,72,69,46,92.0,16,0,STEM,0
278,1,1,9,19,15,15,15,28,30,73,55,19,38.0,15,1,Arts,0
278,2,2,10,23,15,14,15,33,29,77,61,21,42.0,14,1,Arts,0
278,3,3,11,24,15,14,16,35,29,80,50,24,48.0,15,1,Arts,0
278,4,4,12,25,20,20,16,37,40,93,52,26,52.0,14,1,Arts,0
279,1,1,7,22,9,15,14,29,24,67,63,21,42.0,12,1,STEM,1
279,2,2,7,20,10,16,14,27,26,67,54,35,70.0,11,1,STEM,1
279,3,3,7,22,11,17,13,29,28,70,67,29,58.0,15,1,STEM,1
279,4,4,6,16,12,20,14,22,32,68,60,37,74.0,18,1,STEM,1
280,1,1,17,9,6,17,12,26,23,61,64,21,42.0,12,1,STEM,1
280,2,2,20,11,6,18,12,31,24,67,71,30,60.0,11,1,STEM,1
280,3,3,24,12,8,24,14,36,32,82,71,32,64.0,13,1,STEM,1
280,4,4,28,14,7,21,15,42,28,85,69,35,70.0,15,1,STEM,1
281,1,1,21,8,22,6,10,29,28,67,57,23,46.0,25,0,STEM,1
281,2,2,23,9,25,7,13,32,32,77,62,20,40.0,26,0,STEM,1
281,3,3,26,10,23,7,12,36,30,78,61,32,64.0,26,0,STEM,1
281,4,4,28,11,28,8,11,39,36,86,66,30,60.0,28,0,STEM,1
282,1,1,14,14,24,10,14,28,34,76,59,35,70.0,25,1,STEM,1
282,2,2,15,15,27,11,12,30,38,80,49,33,66.0,25,1,STEM,1
282,3,3,17,17,28,16,16,34,44,94,59,40,80.0,23,1,STEM,1
282,4,4,17,17,28,13,15,34,41,90,62,47,94.0,26,1,STEM,1
283,1,1,17,15,28,12,12,32,40,84,69,27,54.0,27,1,Humanities,0
283,2,2,21,17,27,10,10,38,37,85,73,30,60.0,25,1,Humanities,0
283,3,3,20,16,28,14,9,36,42,87,68,27,54.0,24,1,Humanities,0
283,4,4,20,16,28,20,10,36,48,94,71,29,58.0,24,1,Humanities,0
284,1,1,18,8,19,7,17,26,26,69,72,24,48.0,11,1,Arts,0
284,2,2,24,10,17,6,18,34,23,75,68,28,56.0,16,1,Arts,0
284,3,3,26,11,13,5,18,37,18,73,70,37,74.0,11,1,Arts,0
284,4,4,28,15,19,7,18,43,26,87,74,39,78.0,14,1,Arts,0
285,1,1,18,15,14,13,16,33,27,76,74,12,24.0,20,1,Humanities,0
285,2,2,22,18,13,11,17,40,24,81,67,10,20.0,18,1,Humanities,0
285,3,3,22,19,15,13,16,41,28,85,69,10,20.0,19,1,Humanities,0
285,4,4,24,20,16,15,15,44,31,90,71,8,16.0,17,1,Humanities,0
286,1,1,11,10,15,18,12,21,33,66,60,18,36.0,13,0,STEM,1
286,2,2,14,13,19,22,12,27,41,80,64,20,40.0,13,0,STEM,1
286,3,3,16,16,17,20,7,32,37,76,64,30,60.0,13,0,STEM,1
286,4,4,17,16,20,22,7,33,42,82,63,30,60.0,11,0,STEM,1
287,1,1,8,18,9,11,13,26,20,59,66,20,40.0,13,0,Arts,0
287,2,2,10,23,11,14,11,33,25,69,69,24,48.0,17,0,Arts,0
287,3,3,10,22,13,17,14,32,30,76,57,23,46.0,16,0,Arts,0
287,4,4,11,23,11,14,13,34,25,72,69,28,56.0,15,0,Arts,0
288,1,1,16,16,12,16,12,32,28,72,54,27,54.0,18,0,STEM,0
288,2,2,19,18,12,18,10,37,30,77,50,24,48.0,14,0,STEM,0
288,3,3,16,16,12,16,11,32,28,71,64,32,64.0,12,0,STEM,0
288,4,4,13,13,12,16,15,26,28,69,57,31,62.0,13,0,STEM,0
289,1,1,11,19,14,20,17,30,34,81,74,9,18.0,27,1,Humanities,1
289,2,2,11,19,13,18,16,30,31,77,74,18,36.0,22,1,Humanities,1
289,3,3,13,24,11,16,18,37,27,82,78,19,38.0,25,1,Humanities,1
289,4,4,17,28,16,21,17,45,37,99,80,18,36.0,24,1,Humanities,1
290,1,1,24,5,12,10,20,29,22,71,77,36,72.0,17,1,Arts,1
290,2,2,24,5,16,13,18,29,29,76,68,39,78.0,15,1,Arts,1
290,3,3,26,6,19,15,21,32,34,87,72,40,80.0,15,1,Arts,1
290,4,4,26,6,20,16,22,32,36,90,84,43,86.0,14,1,Arts,1
291,1,1,8,21,9,19,10,29,28,67,50,38,76.0,19,1,Arts,0
291,2,2,9,25,10,21,8,34,31,73,42,35,70.0,25,1,Arts,0
291,3,3,10,27,10,21,10,37,31,78,48,44,88.0,21,1,Arts,0
291,4,4,11,28,10,19,11,39,29,79,59,50,100.0,20,1,Arts,0
292,1,1,19,5,13,11,16,24,24,64,62,28,56.0,19,0,Humanities,1
292,2,2,23,6,13,11,16,29,24,69,53,29,58.0,22,0,Humanities,1
292,3,3,26,7,16,14,16,33,30,79,59,27,54.0,21,0,Humanities,1
292,4,4,24,7,20,19,18,31,39,88,57,24,48.0,20,0,Humanities,1
293,1,1,15,14,6,16,17,29,22,68,48,27,54.0,28,1,Humanities,0
293,2,2,15,13,6,16,16,28,22,66,53,25,50.0,28,1,Humanities,0
293,3,3,17,15,8,18,15,32,26,73,45,34,68.0,25,1,Humanities,0
293,4,4,21,19,10,24,16,40,34,90,58,40,80.0,26,1,Humanities,0
294,1,1,15,15,17,17,18,30,34,82,61,22,44.0,12,0,Arts,0
294,2,2,18,18,17,17,14,36,34,84,65,27,54.0,11,0,Arts,0
294,3,3,21,21,13,14,17,42,27,86,63,27,54.0,12,0,Arts,0
294,4,4,21,22,15,16,18,43,31,92,62,35,70.0,13,0,Arts,0
295,1,1,20,9,11,10,16,29,21,66,71,12,24.0,22,1,Humanities,1
295,2,2,21,10,14,13,15,31,27,73,64,20,40.0,21,1,Humanities,1
295,3,3,26,13,16,14,16,39,30,85,79,11,22.0,24,1,Humanities,1
295,4,4,28,22,21,19,18,50,40,108,65,21,42.0,25,1,Humanities,1
296,1,1,11,12,21,8,11,23,29,63,42,19,38.0,23,0,Arts,0
296,2,2,15,16,24,10,15,31,34,80,60,23,46.0,22,0,Arts,0
296,3,3,15,17,28,13,11,32,41,84,58,26,52.0,25,0,Arts,0
296,4,4,16,18,28,19,16,34,47,97,64,25,50.0,26,0,Arts,0
297,1,1,17,16,11,21,12,33,32,77,54,21,42.0,14,1,Humanities,0
297,2,2,20,19,10,20,16,39,30,85,55,37,74.0,11,1,Humanities,0
297,3,3,19,18,14,28,16,37,42,95,59,33,66.0,17,1,Humanities,0
297,4,4,20,18,16,28,17,38,44,99,59,38,76.0,13,1,Humanities,0
298,1,1,17,12,11,17,13,29,28,70,61,12,24.0,20,1,Humanities,1
298,2,2,20,13,13,21,13,33,34,80,56,15,30.0,20,1,Humanities,1
298,3,3,20,14,15,24,11,34,39,84,59,13,26.0,21,1,Humanities,1
298,4,4,17,11,14,23,13,28,37,78,62,15,30.0,20,1,Humanities,1
299,1,1,7,20,9,12,19,27,21,67,59,21,42.0,20,0,Arts,1
299,2,2,9,25,14,20,18,34,34,86,67,22,44.0,18,0,Arts,1
299,3,3,9,27,12,18,17,36,30,83,69,24,48.0,19,0,Arts,1
299,4,4,10,28,18,26,20,38,44,102,67,25,50.0,22,0,Arts,1
300,1,1,8,19,18,11,14,27,29,70,74,18,36.0,19,0,Humanities,1
300,2,2,10,24,20,13,20,34,33,87,69,27,54.0,18,0,Humanities,1
300,3,3,11,26,28,20,19,37,48,104,67,38,76.0,16,0,Humanities,1
300,4,4,11,25,24,15,18,36,39,93,73,33,66.0,19,0,Humanities,1
