ID,Trap,Boundary,Scaffold,Iterative,Sovereignty,TII_Total,MAI_Knowledge,MAI_Process,BPNS_Autonomy,BPNS_Competence,BPNS_Relatedness,EAS_Construction,EAS_Evaluation,EAS_Integration,AILST_Operational,AILST_Ethical,AILST_Application,AILST_Total,NFCC_Decisiveness,NFCC_Closedmindedness,Defense,Construction
1,17,11,17,19,16,80,22,23,22,19,13,21,10,22,2.7116980636176207,3.1313808079761394,3.701356400777383,3.18,4.1955977141823455,2.1631280597856444,0.333,0.517
2,15,17,14,22,15,83,18,33,20,13,15,20,17,13,4.552833094472019,3.030629617799536,3.4783530787691426,3.69,4.1276645424085,2.7776238667218998,0.669,0.505
3,19,14,23,16,15,87,24,13,17,16,12,22,15,18,4.148932336487377,1.980682790036949,2.0897249570001617,2.74,3.7914221384709217,2.454158565710375,0.216,0.15
4,21,15,20,14,17,87,29,24,15,18,14,18,24,19,4.806510904854837,4.178486569471713,3.9905877016006857,4.33,2.201945415121514,2.639469422175212,0.591,0.104
5,11,13,19,13,13,69,16,16,18,17,8,15,18,11,2.4585410401413843,3.280357927150609,4.320955540313858,3.35,3.3729336536735626,3.4353070442916667,0.913,0.124
6,15,14,17,14,16,76,18,18,19,15,16,15,10,10,4.786820501291207,4.137211243738041,2.821484272880947,3.92,4.32233939179156,4.1917283513951995,0.798,0.101
7,16,20,21,21,17,95,27,22,21,21,16,34,22,18,2.043502937452308,5.4131074215778785,5.416815957526303,4.29,2.504357197607902,2.875300041733335,0.921,0.61
8,16,20,21,16,19,92,23,20,21,22,12,27,10,16,4.346701246070486,4.2527449898960805,5.221372774176102,4.61,1.0,1.3363208558894624,0.979,0.196
9,17,14,16,13,13,73,18,21,19,16,18,12,20,19,3.586828726928215,4.351549905857724,2.8031787579724496,3.58,3.607433550024517,4.843218525758398,0.011,0.251
10,21,15,22,21,15,94,24,17,15,24,19,17,18,17,4.984922376748882,4.479312514141153,3.8010189774402954,4.42,3.510618446153623,2.563290567641717,0.623,0.174
11,16,15,18,14,18,81,17,23,23,12,9,21,16,22,4.306903994898944,2.2126248759024176,6.177986097816707,4.23,3.501882785060261,3.0359551952098713,0.413,0.958
12,14,13,17,14,17,75,16,19,18,16,12,21,22,11,2.415569589833443,4.970751404609418,5.090994245280063,4.16,4.131376389846376,3.673433907561985,0.86,0.855
13,15,19,20,14,18,86,20,23,26,15,12,23,10,24,3.7995968816568806,2.947223321915649,4.533499744242501,3.76,3.9608448931306626,3.304528586780099,0.252,0.23
14,12,12,14,15,9,62,8,14,11,8,12,15,11,6,4.043813490634042,2.6491798473761596,2.54759870260931,3.08,4.4012959342274645,5.2442662951938095,0.981,0.328
15,20,17,12,17,12,78,13,19,21,14,19,14,15,20,4.499692786489875,3.835458279435896,3.4497271018537576,3.93,4.995414247492898,4.268132175911919,0.614,0.21
16,19,13,16,11,13,72,18,24,16,16,15,19,19,20,3.3331141947924317,2.1664913778118393,3.0333390031964003,2.84,2.4264246839377495,2.762488591596783,0.794,0.492
17,16,16,21,18,12,83,14,25,13,24,14,22,12,13,3.9007870385074725,3.668847617562259,1.192961887017809,2.92,4.3637550977545,6.035076932838594,0.086,0.02
18,14,20,16,21,17,88,20,20,16,18,7,8,8,17,5.818936274702371,4.987473261345059,6.444861928623778,5.75,4.038147043556215,3.4112312787910883,0.183,0.671
19,16,18,15,15,14,78,15,24,15,12,18,16,15,22,4.165563061988695,4.226715317476752,3.915811698470207,4.1,2.5944363041103746,3.3925772050917606,0.758,0.523
20,19,19,21,23,20,102,14,28,21,25,11,18,24,8,4.795372175847859,3.7169504034908867,5.320970695805064,4.61,1.829203079034903,3.8747701311467244,0.022,0.899
21,23,18,22,20,21,104,30,14,22,23,16,23,25,22,7.0,3.837844966438773,5.041474252871297,5.29,2.4337595824386677,3.019778620388134,0.817,0.164
22,14,17,12,22,11,76,17,26,12,17,17,27,19,6,3.006848677051191,6.012415918698359,2.41761717469785,3.81,3.385116847446294,4.297383105445705,0.014,0.804
23,23,20,15,23,20,101,23,21,19,15,21,18,19,16,2.990035829149834,5.429998466470661,4.716708373277541,4.38,3.8918807663726205,5.463622550315774,0.657,0.792
24,19,14,14,17,18,82,14,24,26,12,10,15,23,25,4.998900976769064,6.603629606221309,2.8697287573947916,4.82,2.8161468992116103,2.810974122183139,0.365,0.127
25,12,12,19,14,14,71,15,15,22,16,5,24,8,12,3.0697753525645637,5.121034873600934,6.110919645003902,4.77,2.944766475777655,3.215399537646459,0.611,0.399
26,12,10,12,10,13,57,18,7,17,19,16,17,12,9,3.16421349386685,4.566321204168437,2.2856061190340373,3.34,3.2559021683237748,3.7791489166567365,0.696,0.17
27,22,20,18,17,19,96,17,16,19,24,23,21,19,19,4.178753391500305,2.3488288239403055,3.649096258690712,3.39,4.313174599818068,4.098815367014808,0.342,0.255
28,18,11,12,13,12,66,22,18,15,21,20,17,18,27,3.3819419878627133,4.481908266344962,2.9149913843751216,3.59,3.91439560033749,2.20387054369931,0.108,0.263
29,15,18,12,15,16,76,16,25,19,13,16,23,14,7,6.515084537734453,3.733467750997572,5.472367660440159,5.24,3.3889223909475144,1.277893457701317,0.07,0.556
30,16,12,14,12,18,72,18,14,15,11,14,11,15,12,4.7137853895719815,2.7387308085289277,4.539423006078461,4.0,3.2773861531079143,2.4866100524243144,0.589,0.411
31,16,15,16,16,16,79,16,25,16,17,19,20,6,23,5.239052364973611,4.132824818967225,2.8608975346909533,4.08,4.733980435637145,1.6226752867574874,0.521,0.948
32,15,20,21,21,14,91,28,16,10,11,12,18,17,24,3.473673266548583,5.726097267823739,5.0528164770966715,4.75,3.0427464206082884,3.104083853376591,0.742,0.126
33,16,19,23,22,15,95,19,24,18,20,17,26,23,16,3.6151189199108176,5.307772239964444,4.703711441886858,4.54,4.842836222577842,3.9559937238627443,0.51,0.974
34,12,14,18,18,11,73,12,14,17,16,18,15,14,9,1.0,3.102377643346582,3.735193907845475,2.61,4.182324978595982,2.956259816706319,0.422,0.231
35,20,17,19,18,20,94,25,19,18,15,20,18,19,28,3.688870405149304,5.093968184913571,5.649536227423865,4.81,3.056458486397676,1.3892273314151973,0.398,0.773
36,12,14,18,19,16,79,11,21,23,11,27,18,21,22,5.191098330110708,3.5260182785426606,6.616896664664807,5.11,5.839089953145651,3.3934678781889867,0.026,0.339
37,18,16,13,12,18,77,21,17,14,17,17,20,13,21,5.008561475358864,3.68193726285138,6.785043143412452,5.16,2.412897070843653,3.993746251155386,0.336,0.143
38,16,15,14,15,9,69,10,19,8,13,13,20,17,13,4.0358457180662315,3.426001489982036,2.0830442420132314,3.18,3.841395217739341,2.3445263295806598,0.976,0.858
39,14,20,17,19,16,86,12,31,18,12,15,13,15,15,5.021264892486813,4.040488344888472,5.819785404147048,4.96,2.426115633719758,4.174135320394566,0.874,0.309
40,17,15,17,16,15,80,21,18,20,5,8,19,16,16,3.51695086603311,4.8678488502627495,4.343854904292194,4.24,4.510942928449163,4.283281978081352,0.329,0.659
41,20,15,16,18,11,80,25,26,20,16,13,15,21,20,4.50910960519181,2.90367731664705,3.6944948654515417,3.7,5.5341309106830305,4.874239506979794,0.588,0.566
42,14,17,14,22,23,90,19,16,19,22,14,11,21,22,5.437784222972441,7.0,3.7352609964769625,5.39,4.467479177612937,3.8028511341067204,0.847,0.472
43,14,15,13,18,12,72,18,24,19,21,13,14,16,19,2.4877580902849914,1.9442187266177462,3.194193985998032,2.54,5.021393116771874,6.059458520731361,0.441,0.496
44,15,12,17,11,14,69,17,27,16,15,16,17,15,11,4.155911727458477,2.5536982509636763,2.914195511418205,3.21,3.546969033201342,3.175548593118524,0.018,0.732
45,14,9,19,9,12,63,11,6,14,15,12,31,16,22,4.399909514219848,3.4875602494123874,4.227153455539403,4.04,3.5685718511290854,3.8840530400360307,0.075,0.088
46,11,14,14,12,16,67,13,16,20,17,20,18,6,15,3.6680688472036174,4.133634307511966,5.247871202281966,4.35,2.0250252799431756,2.888431792292634,0.51,0.668
47,15,17,18,22,22,94,17,26,23,13,16,13,26,19,5.365421445941874,4.5689643034746625,3.147509017597102,4.36,4.889447576389027,2.650303558845813,0.969,0.896
48,17,12,17,14,17,77,25,18,12,18,15,16,15,24,6.948169881704208,3.6005332098218665,4.309292088576017,4.95,3.89410701577994,4.8028428686514575,0.693,0.058
49,20,17,18,19,18,92,23,25,23,20,14,24,21,13,4.471630999255154,4.813832982857241,5.685055201694893,4.99,2.928210019744883,1.6986609331954445,0.071,0.141
50,21,15,16,16,20,88,13,18,24,21,16,27,23,19,4.718443101839524,3.6424814867183524,4.71592781050458,4.36,4.41720852031181,1.9774366946691186,0.189,0.717
51,19,18,20,22,15,94,22,24,14,17,19,14,15,16,3.920905825763592,6.404175033279181,4.701707501242866,5.01,2.750920240155344,4.865355154585505,0.771,0.437
52,13,20,16,18,16,83,16,24,19,15,12,10,15,8,5.247255611715032,5.213014216488608,4.503069672925974,4.99,3.9245216485540086,4.3818614515498275,0.841,0.404
53,20,22,18,14,22,96,18,33,22,13,13,27,15,20,5.862733038816947,4.743460048249318,5.647178545548387,5.42,2.8704566519039307,2.2707188999553307,0.618,0.137
54,20,23,17,19,18,97,24,29,19,13,14,20,15,30,5.720892178765789,3.1223153563378903,4.243718477417749,4.36,3.961824290090678,3.9852819664114456,0.644,0.507
55,14,8,17,11,12,62,23,18,13,16,10,15,22,7,2.0797297410036624,3.1904921538222037,2.1118333887210596,2.46,3.844353188669116,4.124881753588063,0.028,0.127
56,16,14,14,16,14,74,24,18,14,17,12,18,13,16,4.3580401567508815,3.557216161074572,2.59481738292545,3.5,2.4012079941768563,5.105518234396219,0.829,0.477
57,11,14,20,19,15,79,13,18,17,21,14,10,16,17,5.752316011091998,3.0738509162348464,4.681314983364509,4.5,3.7093029357177207,3.5110342645767334,0.788,0.764
58,24,20,22,22,20,108,22,23,23,15,19,22,22,21,5.5441163788044765,5.134938491331243,4.929190915327864,5.2,4.161973319380404,3.938923427292015,0.259,0.258
59,17,17,17,15,18,84,21,25,20,22,17,20,11,16,5.655511948944418,3.1381295280940105,4.381112023157581,4.39,3.3512427291085944,5.8437687267576255,0.709,0.481
60,16,18,18,21,19,92,24,21,17,16,16,23,18,10,4.477185565585248,5.370019388490546,4.278192879866323,4.71,3.9991346196268633,3.6066281095294768,0.215,0.992
61,21,14,19,20,17,91,20,22,20,17,19,16,21,20,4.961497668620198,3.1221619675082644,4.0163498539434155,4.03,2.50955943578907,3.2604766738565383,0.04,0.687
62,15,19,15,17,14,80,18,36,6,13,15,17,16,12,5.203228492826051,6.166193262402331,4.838219452791316,5.4,3.7036243238981643,4.29685056420267,0.201,0.841
63,13,14,16,24,14,81,12,25,20,7,17,14,21,6,3.0731912913902706,3.8464612652072425,3.408284302598183,3.44,3.156710501024357,3.1659954569073085,0.179,0.415
64,19,18,17,18,17,89,15,22,11,20,15,20,16,23,5.093959844531968,4.451181670889003,2.9446651474840815,4.16,4.148254344252708,5.691840809299947,0.338,0.768
65,18,18,13,16,19,84,24,30,17,18,17,11,11,22,3.63930531594044,4.8993228594660625,5.486095051568844,4.67,3.319321442007651,3.1720256174101826,0.418,0.041
66,19,19,18,23,16,95,27,22,13,16,13,18,23,18,4.19052624064819,4.118958320785431,3.9278059111391306,4.08,4.183650288455131,3.0376267319693957,0.509,0.123
67,16,15,20,15,18,84,19,10,14,18,6,17,24,17,4.491977981564844,4.846120654217325,4.556893628653911,4.63,4.372326003454063,2.228180631145082,0.477,0.203
68,20,16,17,16,18,87,26,16,22,18,15,21,17,23,4.764639515252658,2.4161291383673884,6.187562581315342,4.46,4.010222817635358,4.237727642519543,0.271,0.402
69,19,19,21,22,18,99,23,14,17,12,21,25,22,19,3.5728424369770595,6.476588439376162,4.503141141955398,4.85,3.62763419870074,3.99857430623262,0.029,0.846
70,18,14,16,11,19,78,17,18,20,14,19,17,17,22,5.2991052330542034,3.305419057151279,5.015916596728242,4.54,2.37797656713568,2.46774100399834,0.605,0.346
71,14,15,17,18,13,77,20,21,15,20,19,19,13,14,4.916841923651089,3.448939095033002,2.3431162462514017,3.57,3.8125045434694993,4.257255223461696,0.396,0.655
72,22,17,18,17,17,91,30,32,19,12,20,13,25,26,3.8050595469574358,3.686465031707085,4.104825537729433,3.87,2.9780260913011785,1.6408240740206,0.299,0.709
73,12,18,14,17,13,74,17,25,16,16,16,15,19,16,3.033239114854257,5.047954952698949,4.193390083193702,4.09,3.5005117696315944,3.850252653017047,0.867,0.586
74,21,15,18,17,15,86,29,20,12,12,16,19,25,20,4.120899653472021,3.3359581674753542,2.338300187854015,3.27,3.2978164229946882,3.9042781085864915,0.747,0.357
75,13,13,16,24,15,81,5,24,20,18,13,29,18,9,3.4809762413281584,4.027044922843174,4.155229142869771,3.89,2.7443736729464963,5.208594082887759,0.858,0.577
76,22,14,16,21,17,90,26,8,16,16,14,13,28,21,4.254542234035581,4.292549457318481,4.436363953026602,4.33,1.6759927255490936,2.4078117414526896,0.495,0.342
77,20,17,17,11,19,84,22,24,13,10,18,25,18,15,4.184330203106837,1.8419368706331962,4.759450939625638,3.6,2.6797225188269507,1.6557769879119335,0.131,0.084
78,17,14,17,18,14,80,18,25,15,21,20,23,21,14,1.9001727529709838,6.418578304734417,4.828129412440653,4.38,3.904417226631799,2.6148285796833264,0.696,0.993
79,19,17,15,16,24,91,21,14,27,13,15,18,18,14,4.156318569775119,3.2304777565479035,6.0243547472214445,4.47,1.6209427749601715,1.0343085544391823,0.206,0.127
80,16,14,19,18,20,87,10,27,22,14,14,28,17,11,3.7896191018529892,5.203513741071477,6.438226874385794,5.14,3.217448814526406,4.262280494662165,0.441,0.072
81,25,19,22,22,21,109,23,26,19,19,16,24,26,31,5.596689568969765,4.949785250818403,4.0734472241681186,4.87,4.85289864899482,4.370478419784255,0.065,0.879
82,15,13,18,14,19,79,20,17,17,21,18,21,17,22,3.200911879074385,2.4613804834280497,4.857359529205672,3.51,4.225800184169408,3.317727780793801,0.825,0.302
83,18,15,12,10,17,72,27,25,17,11,10,14,6,26,6.145508145733251,3.1530468754046987,4.419475358102578,4.57,4.967881089112144,4.478910702764431,0.126,0.65
84,17,18,16,24,15,90,17,36,24,16,6,23,17,11,2.6179478926501205,5.911038118986098,2.8412239177135934,3.79,3.997776946693728,3.5728401331393966,0.903,0.329
85,11,15,10,16,10,62,13,22,15,15,13,18,16,14,5.737487409796185,3.6950785443650767,3.975175031793904,4.47,5.144637016303252,3.8956320833361415,0.864,0.391
86,15,12,12,11,13,63,16,20,17,17,11,12,16,10,3.5741835983028682,4.753975739404881,5.9678276829660115,4.77,3.153210303785211,3.3117059793336527,0.465,0.262
87,19,14,19,21,24,97,25,18,25,18,13,14,20,15,5.08327380693787,5.8198494888857475,5.660761190063191,5.52,2.2643832776872417,2.101172921282614,0.744,0.343
88,15,19,16,14,15,79,20,19,17,15,15,17,21,12,4.981773201532952,4.800090042995562,4.4699200939860555,4.75,1.1361173533941407,1.8244001852496898,0.619,0.411
89,17,18,15,9,15,74,17,28,16,12,14,13,6,23,6.005504260341784,2.4679259591165534,4.034881270515888,4.17,4.724574036666668,3.708302630582114,0.803,0.72
90,16,17,16,14,12,75,22,18,14,16,21,17,17,15,4.157412125875231,2.3442779653255146,2.6322174243052636,3.04,5.310620166490139,3.7282039548692385,0.432,0.512
91,17,16,13,19,16,81,20,22,17,11,17,21,11,22,3.2148963280865432,3.5555062680907525,2.2560633691317804,3.01,3.047082802060883,4.096295063105557,0.786,0.944
92,21,18,20,14,17,90,27,21,18,6,17,19,19,22,6.317424472691517,3.912162667305027,3.601917542978146,4.61,3.233211878901397,3.3064243028330527,0.462,0.042
93,13,11,12,10,13,59,14,21,18,16,18,14,13,25,3.544391572397987,3.830954717479504,2.122717026348637,3.17,3.125878416788735,3.488793457325082,0.941,0.503
94,17,15,18,21,15,86,18,23,17,20,11,20,22,10,4.5277611636637936,1.8966012221346142,5.710451704460221,4.04,3.990029803608165,2.5278355273094797,0.486,0.584
95,20,14,17,16,24,91,19,26,24,7,20,22,13,24,5.49979882367224,3.91642105624308,5.55926626015166,4.99,3.8818346851043093,2.498884625401047,0.463,0.92
96,18,13,14,22,20,87,13,17,19,11,15,6,26,23,2.83036348894711,4.886655158795449,4.551182717988311,4.09,1.6098876642053057,3.640133639681548,0.785,0.049
97,19,16,18,12,18,83,22,20,18,19,18,17,20,13,5.095764497866222,3.0746951750572125,5.444303129476834,4.54,3.752256659500616,1.9083326470168216,0.822,0.573
98,22,17,17,20,25,101,24,17,15,24,11,19,22,24,3.9325523563254743,6.023622413922652,4.710150390515626,4.89,2.513082216738625,2.402623711836129,0.554,0.854
99,13,17,16,18,16,80,18,20,20,16,9,23,18,16,4.440736868939206,4.699959884982722,3.346391387644235,4.16,3.656455887662551,3.563664430225603,0.18,0.242
100,16,16,20,12,14,78,18,24,17,15,19,19,18,15,4.514874295331666,5.025498128431648,3.825542758735381,4.46,4.147239376122236,2.7992240202486545,0.468,0.876
101,12,18,10,12,11,63,10,28,18,13,17,6,12,10,3.074720896026938,3.1503612313548244,4.242478131602561,3.49,3.8178386032180773,3.2711617464262837,0.968,0.019
102,19,18,17,17,17,88,19,18,7,22,12,21,22,15,3.875630331695342,5.205910516699783,4.8511162921939395,4.64,3.370673914944023,3.4489470243597444,0.753,0.732
103,19,16,19,15,13,82,19,27,23,15,12,17,24,27,5.934640966306121,5.807674619148156,3.8197029500148725,5.19,3.619529051066662,2.4795882209302285,0.811,0.933
104,14,17,11,15,16,73,14,30,17,11,20,9,21,15,5.571360286186136,5.4103561535299285,4.220583046847408,5.07,4.439845186185009,3.6851793931790833,0.033,0.657
105,23,20,19,19,19,100,22,27,23,15,11,17,16,24,4.976478642422242,2.9675215926752205,5.1308077040536855,4.36,3.6733583156950345,2.0539607206645023,0.468,0.439
106,23,17,19,20,17,96,25,33,14,13,22,19,21,16,4.857401523137767,4.125389617050432,4.540712443706707,4.51,3.6670272256063434,4.3141874212461815,0.647,0.045
107,14,12,17,10,15,68,27,15,19,17,12,16,8,12,3.49655177501349,2.7362699087321865,2.8818640702863396,3.04,2.4783204975033586,5.864090598106593,0.83,0.92
108,20,14,16,17,18,85,22,13,14,22,18,8,20,23,5.635060854135129,4.655192652653258,4.572084568670085,4.95,3.031858280438482,2.2021189227153535,0.049,0.47
109,20,12,13,11,12,68,23,9,13,16,14,19,16,12,3.6007920184750764,4.131335946684748,2.259665123642546,3.33,4.724025785106378,4.325525703883898,0.852,0.029
110,18,17,18,19,16,88,20,31,24,16,18,25,11,16,4.844876512150411,3.2786808085377954,4.223650343934512,4.12,3.587253703142051,2.5658251146848428,0.548,0.69
111,17,15,17,19,15,83,11,25,16,15,13,21,14,17,5.554145507786282,4.392753737668108,3.4501778086012633,4.47,4.243148811153323,4.515797354705022,0.197,0.482
112,17,17,15,19,21,89,20,22,21,10,15,12,18,17,3.724408413102376,1.8275795797677334,7.0,4.18,4.730619688844595,1.4450126340787814,0.317,0.124
113,13,18,15,20,14,80,18,25,19,19,16,16,18,14,6.4709537349367015,6.208747476729453,3.7138438434285974,5.46,4.677114897782208,4.0454008340389205,0.282,0.214
114,15,14,22,11,18,80,31,14,20,18,11,22,9,18,2.429751623518176,2.658495699945513,3.071630206558921,2.72,3.4631164886635992,2.1894017650557243,0.531,0.064
115,17,17,18,19,15,86,19,37,17,16,18,22,21,20,6.396768389396491,4.37804094407573,3.8086224639181925,4.86,3.1730706168568847,3.218379133645703,0.052,0.574
116,20,18,23,25,22,108,23,24,22,30,13,26,23,22,4.326566553824267,4.694971730889739,5.8310198583860675,4.95,1.0,1.5763439923965337,0.159,0.622
117,17,14,16,20,16,83,20,21,26,17,15,15,19,12,3.859475732205947,5.845162763549746,5.870974778506269,5.19,3.39885607289895,4.176337372332688,0.813,0.506
118,16,12,18,15,17,78,14,23,17,14,12,20,13,15,1.7248685520367064,1.0,3.722259689880371,2.15,3.167334630093645,2.3390269538689905,0.133,0.817
119,16,13,15,18,18,80,25,22,19,14,5,19,23,22,3.471149513556118,4.161322963706746,2.8872820646636392,3.51,3.7348209215576924,3.670852886556353,0.233,0.861
120,19,18,19,17,17,90,24,25,21,22,15,26,25,22,3.5858918729292495,3.924044264993433,5.177162639006029,4.23,3.324673363993938,2.8514515453901392,0.453,0.616
121,15,9,13,18,17,72,23,12,22,15,25,18,16,10,2.6900515493664043,3.624362403807863,2.903764517815228,3.07,3.172479175824333,3.090181617390638,0.517,0.013
122,8,12,14,8,16,58,11,22,21,10,19,20,10,14,3.6707832639117512,5.025983016818522,3.688532136521922,4.13,1.9260832723949555,3.4749958445836944,0.764,0.695
123,10,12,17,17,17,73,23,30,20,20,15,19,20,6,4.886608669312457,2.9638259248874137,4.065562588282122,3.97,2.6060628403090362,2.4171624803507474,0.447,0.418
124,17,15,16,18,16,82,13,29,13,13,14,24,17,17,4.512267645119758,5.13001398511774,4.067724298000925,4.57,3.988541461926123,3.540089519133076,0.79,0.566
125,19,17,19,25,21,101,24,32,26,24,16,22,22,27,4.929070986583027,5.513145806687135,5.814371743470008,5.42,4.68435786640809,4.35144792581415,0.618,0.649
126,16,15,17,16,20,84,30,18,15,21,18,15,21,12,3.0654901810688986,5.476379692186876,4.201793412018204,4.25,3.11395554691095,2.0636806549131155,0.113,0.35
127,20,23,22,22,17,104,17,22,19,17,11,28,12,15,4.526723258914359,3.8726608940038,4.0488969631805105,4.15,3.765053560236503,4.427463880033364,0.156,0.917
128,25,23,23,19,17,107,21,27,15,24,20,26,25,25,7.0,3.4088261170247978,4.317325008358342,4.91,4.336117924160183,4.766688325730388,0.437,0.134
129,14,19,18,18,16,85,19,25,17,17,18,17,19,8,4.0769257601065485,5.528439217749382,4.29453424449034,4.63,2.811480795727449,2.472866895883352,0.397,0.672
130,18,12,21,15,23,89,18,25,22,21,18,20,15,15,5.662017938576206,4.321297763909603,5.587240288653913,5.19,3.2761902775600618,1.023313473135623,0.744,0.004
131,7,13,12,16,16,64,7,10,18,16,17,16,17,14,3.7062242870095625,2.0281721467338505,4.590842796102086,3.44,2.8758432687810185,3.635314902977178,0.581,0.925
132,17,15,16,17,16,81,20,30,19,13,16,20,18,14,4.284318499086032,3.3914329349132073,5.012774795420379,4.23,4.343405677349832,2.7522699162539768,0.388,0.113
133,18,18,21,16,18,91,15,23,24,15,18,23,10,16,5.928686418600119,4.401126070326776,4.930619400308593,5.09,3.5163632168761185,5.039695195034031,0.171,0.095
134,14,15,24,18,15,86,20,19,18,23,18,25,25,19,5.6938826955939446,5.211066907231543,4.416706470772468,5.11,3.9130534221981303,3.4697580666322936,0.227,0.333
135,17,9,15,7,14,62,15,11,15,14,14,24,12,19,3.241655708708943,1.942800150125716,2.11819882416125,2.43,3.0121879115591517,2.7117535465475577,0.576,0.374
136,19,10,19,20,18,86,28,8,22,16,13,25,21,19,3.0864906409628814,1.0,4.57637645350379,2.89,4.024313944363991,1.9043606474959398,0.423,0.214
137,19,14,14,12,14,73,17,25,20,12,16,17,19,16,4.0668442523457875,4.058573684567699,4.251200802941968,4.13,5.633455258819147,4.678877859889738,0.515,0.585
138,16,13,12,15,14,70,18,20,12,16,22,19,12,18,4.351293837725694,2.2993476802504285,4.5092570359407755,3.72,2.806208943846305,2.9519284992498513,0.171,0.443
139,17,16,15,18,16,82,24,15,19,24,11,12,20,16,5.424187342329713,1.7030889900844581,3.4234804749491485,3.52,3.2421876081321765,3.3669481362249583,0.663,0.034
140,19,15,15,16,18,83,15,14,21,12,10,19,16,20,4.286474497236069,1.0,3.8425910719698395,3.04,3.589685296524332,4.090703143151373,0.853,0.32
141,20,20,15,16,14,85,22,23,15,16,16,25,21,16,5.733135131616957,4.926502932370893,3.1611707572860896,4.61,4.4465563252670695,3.042300630809376,0.258,0.81
142,10,10,22,15,15,72,22,27,21,24,16,22,7,12,5.336503742962257,3.9567467917158154,4.502398112973109,4.6,3.128680190687804,3.385820585348321,0.492,0.69
143,16,14,14,16,17,77,12,19,17,15,16,12,17,12,4.552274042660635,3.649132393433636,5.401709603816702,4.53,1.0,3.1919673683895238,0.976,0.725
144,13,14,14,14,13,68,19,12,16,17,16,13,13,15,4.474938407218634,5.377699243928707,3.1412480841642254,4.33,5.0576089409119405,4.368365798390594,0.333,0.698
145,15,15,16,12,19,77,20,20,18,12,15,13,17,12,2.5954245690491495,4.1987667108912285,5.656085584457934,4.15,3.985779216949986,3.598981679140582,0.595,0.311
146,16,16,20,15,16,83,23,20,17,19,21,17,19,11,1.5138886372440652,5.784616975600464,4.267513226797255,3.86,1.9594067756189075,3.0925405620361777,0.09,0.1
147,13,12,20,13,19,77,12,6,15,17,9,19,12,16,4.254421044157418,1.8321648161136777,4.588154062413544,3.56,2.735098894829916,3.050987632419338,0.606,0.272
148,14,13,13,19,16,75,12,19,12,19,12,9,16,16,3.8708027242045056,4.266951329792651,3.9210733873638186,4.02,4.986408477480244,2.9348619130726936,0.09,0.832
149,22,17,24,18,22,103,25,21,26,24,15,24,18,23,4.015944705722494,2.1953252168901796,6.066128295422237,4.09,4.351833391912404,1.1120501510007252,0.959,0.98
150,20,19,18,15,16,88,23,28,14,27,9,23,13,16,5.16355118389996,3.5168833885876647,4.476597491334223,4.39,4.410887141882809,3.589196031208248,0.716,0.494
151,23,18,19,17,20,97,24,34,16,19,15,16,22,22,4.673262891908,3.7485938322442918,7.0,5.14,3.042112056134237,4.839841251971219,0.788,0.01
152,9,10,11,11,8,49,17,24,5,15,22,20,13,15,4.769638577598258,4.057935333536783,1.7194897257034882,3.52,4.328017345670238,3.3001348790436955,0.704,0.14
153,15,14,19,24,16,88,15,19,15,18,16,22,9,18,4.224532935047829,5.003740788524423,4.675776668929124,4.63,3.433100821165576,2.517702047237143,0.59,0.322
154,14,14,20,22,15,85,19,14,12,16,16,25,19,12,3.2996660728567777,5.458377072806951,3.39994632586271,4.05,4.671637236651128,2.5283192326776893,0.45,0.579
155,16,11,15,18,13,73,21,33,21,17,10,14,14,17,4.769703196502451,5.046027000570055,2.6634564689928535,4.16,3.0143652601411044,4.4112692692976685,0.858,0.075
156,20,19,20,20,22,101,18,25,24,16,13,25,12,20,4.652107145187305,7.0,5.282464778495262,5.64,2.2916185312170394,3.1145157645823343,0.957,0.943
157,16,13,17,16,19,81,28,20,16,17,14,14,12,16,4.560661738272856,3.5389941246826186,4.85883680240251,4.32,4.2141150372206955,2.819991407624049,0.499,0.365
158,15,14,13,14,10,66,21,20,22,20,14,19,17,6,3.5988894025980267,2.5148415505933404,6.004873093560955,4.04,4.036756484052914,3.0400972567630347,0.932,0.913
159,17,17,18,18,13,83,14,24,19,13,21,20,24,18,3.866013379618347,4.484087009707459,3.372282051152941,3.91,5.075232567781656,3.7539876235501386,0.583,0.781
160,17,10,14,17,12,70,23,17,14,20,18,19,19,27,3.610979990985153,3.0683235651725704,2.201222267143971,2.96,3.2885817739967482,2.1434793146551776,0.538,0.755
161,13,13,17,13,14,70,13,16,7,22,11,13,13,13,3.990323125795405,5.364216325663775,4.0375656541162055,4.46,3.677553850949902,3.694872595823234,0.454,0.607
162,20,14,15,16,17,82,25,17,26,15,16,13,19,15,4.661651911036625,3.578408141256188,2.185731108714595,3.48,2.6221113023845906,4.115272108705227,0.209,0.627
163,16,11,19,21,17,84,25,18,13,9,17,23,18,18,3.3721212453596654,3.869838294714451,4.236953063082982,3.83,3.4721028636125735,1.9083848330357476,0.004,0.638
164,16,15,18,25,19,93,15,18,13,14,20,15,19,18,2.2429804091702836,4.496337643371912,4.733315486903668,3.82,1.9388594358835394,1.3915339395168906,0.242,0.629
165,17,19,18,21,14,89,24,20,20,22,22,21,15,22,4.412692126024026,5.447442267238225,4.577185974345136,4.81,3.2818421087448924,5.187820257908606,0.51,0.554
166,11,15,14,15,11,66,19,22,23,15,11,10,9,8,5.163106428259239,3.604899554494419,4.185425040741289,4.32,2.6768825439256814,3.2463106697775275,0.38,0.986
167,20,20,22,16,22,100,25,24,25,14,12,26,16,22,4.715865063613959,3.1379930668566764,4.772730233015036,4.21,3.6626501093631423,3.829235316426474,0.448,0.732
168,16,20,13,16,15,80,28,33,19,13,10,10,18,19,4.772479113268693,5.972556559218331,3.791620565416164,4.85,4.295310542102112,3.273466933296142,0.981,0.777
169,18,15,16,15,16,80,19,6,19,19,15,20,16,17,5.37689183956304,2.746768711643019,3.3471602867203627,3.82,1.971003092181073,3.153005416074566,0.35,0.872
170,14,13,20,19,10,76,15,26,17,20,17,24,17,17,3.185619946123314,4.353101576024407,1.8187640312935671,3.12,5.296736211043674,4.450310109224419,0.452,0.216
171,16,17,17,20,23,93,15,30,23,15,19,15,15,21,2.8745963823960876,5.2385423233802735,5.8066387858322654,4.64,5.223964355448631,1.617010980714338,0.134,0.084
172,18,13,19,20,18,88,16,8,19,16,15,23,22,21,3.79774136171639,2.432702021755566,3.206800758281106,3.15,3.420010649407536,3.2347543411773696,0.048,0.483
173,18,9,16,18,12,73,20,15,15,15,14,19,13,12,2.827135395526839,4.771813000485729,2.9415097625348015,3.51,3.3163712711395346,3.3735219936578176,0.775,0.514
174,15,15,17,19,20,86,20,19,19,13,16,16,22,20,3.209014161807741,3.013024037053945,3.8794842258264906,3.37,5.7850868872587515,1.4997764615861267,0.571,0.829
175,15,17,19,14,16,81,20,15,14,23,12,16,12,16,4.392764448107956,4.681975498692923,4.708449882718951,4.59,2.3470041419178536,3.672244454707471,0.761,0.444
176,9,10,15,14,13,61,20,13,15,14,24,8,13,13,4.0632218075598,2.4882675048455654,5.4264966609035215,3.99,3.8334327075700623,3.3842005051531974,0.15,0.571
177,10,8,11,12,12,53,16,10,9,19,9,15,9,14,3.201522556104851,4.26688948963916,2.0238876259637943,3.16,4.066680353458401,3.606886364578789,0.572,0.527
178,9,12,9,15,13,58,23,29,15,19,16,6,14,12,4.164053536059392,5.157421785653492,1.645718695406337,3.66,5.044772001215926,2.399805638566696,0.254,0.038
179,17,14,13,19,13,76,19,26,12,19,24,16,23,22,6.142244943718164,5.367823386998605,3.4335894831841167,4.98,4.143921330160738,5.312445906347431,0.228,0.615
180,18,13,12,15,15,73,33,27,13,13,16,13,19,17,3.5954028421719153,4.107503550223326,3.963681552110779,3.89,3.184365684434851,4.345045424698509,0.012,0.828
181,18,13,13,14,12,70,23,24,16,16,15,18,20,12,4.285113729562564,3.3868550073083705,3.59668782420164,3.76,3.0329082955102993,4.772520712111435,0.13,0.158
182,14,11,17,17,20,79,14,12,24,16,14,17,20,14,3.1050337447342593,3.3458314058079064,4.447310797529805,3.63,2.890622202108445,2.5550708165213565,0.309,0.594
183,18,15,16,20,18,87,15,18,21,13,15,16,15,18,3.342116919952726,6.244489084631912,4.316837320047556,4.63,2.457429209032534,1.2992606547806065,0.117,0.594
184,14,17,17,17,15,80,21,25,11,18,21,22,16,21,3.9380892317660927,3.1946121195930877,4.327655856658556,3.82,3.683933202325541,5.463918944538845,0.986,0.164
185,11,11,17,13,16,68,16,11,14,12,7,20,12,17,3.138845836291269,2.26916494797859,5.216162078714594,3.54,3.0370094029714485,3.257861611130319,0.309,0.123
186,23,14,19,24,21,101,26,24,23,22,22,21,28,16,4.52803329379472,5.765276336281161,3.078751613255406,4.46,1.7498580491409674,1.9819482874426644,0.13,0.98
187,16,22,17,12,17,84,22,25,14,15,10,21,10,28,7.0,2.4375163447706467,3.9503954879249004,4.46,4.612813628187807,3.642520016336326,0.199,0.394
188,18,14,20,17,16,85,20,18,16,18,14,14,22,19,3.3339500799952693,2.886746526847306,4.360964763358859,3.53,3.0978246605009896,4.5347774695515835,0.588,0.227
189,18,16,19,25,20,98,16,26,21,18,14,23,26,23,3.9720737904252568,3.3017163959102382,3.9593507073752803,3.74,2.0437943611308507,2.848661593486054,0.064,0.171
190,22,17,19,19,21,98,15,25,16,16,18,23,27,19,4.517394799360394,3.7160660496080054,6.892397638714727,5.04,2.961871562639172,4.089706534374621,0.862,0.668
191,18,17,16,16,18,85,18,21,19,18,9,13,15,20,5.026907669435428,3.824760074712491,3.8670373030932543,4.24,3.440456671283206,4.22294357136555,0.961,0.609
192,16,11,13,15,15,70,23,25,12,13,17,14,20,20,3.9629865363180037,4.097397841407549,3.904720984629029,3.99,2.0436094637401556,2.3145118754891785,0.247,0.644
193,18,16,13,21,14,82,21,16,14,18,24,15,30,23,5.860280390994235,5.7335856515526755,4.330360357056013,5.31,4.030820638090411,2.8452541425776974,0.45,0.088
194,13,10,17,13,9,62,12,21,15,11,10,18,13,20,1.0,4.190759765300552,2.1817737024086448,2.46,3.2074302656659732,5.102206184269173,0.022,0.894
195,16,12,20,15,15,78,20,22,11,18,16,22,10,20,1.1731690077261439,3.564199587902581,2.037034504387232,2.26,5.20441710171097,1.0,0.641,0.389
196,17,23,23,16,22,101,22,26,22,26,13,29,9,15,4.954027446640869,3.6828725225022523,4.850235039202715,4.5,3.50727189942285,2.492866880219259,0.414,0.313
197,16,17,16,17,13,79,15,25,15,12,17,22,21,14,5.805741693799659,4.680875449317735,4.62782047503593,5.04,3.449467029562957,2.1703860369319576,0.27,0.462
198,16,19,20,24,17,96,20,17,20,15,16,15,13,18,3.1549312595016064,6.511325947818397,3.9835475290431446,4.55,2.784147094545565,2.71374404025745,0.207,0.39
199,16,13,21,12,16,78,20,25,18,20,13,24,13,21,1.0,3.570903730347588,3.26407048696292,2.61,3.4568314528374438,3.01071358003531,0.654,0.864
200,16,19,17,18,13,83,14,23,20,17,17,24,20,15,5.527320050005265,3.6053248257022696,4.5204649961295,4.55,4.375258709536692,3.285499799028137,0.416,0.929
201,12,12,13,18,13,68,19,16,16,16,23,17,19,19,4.09374894017074,2.9618274397884115,3.2205842002772447,3.43,3.7917451019149016,3.083790360014889,0.18,0.303
202,18,12,14,17,15,76,23,25,15,17,15,21,20,24,2.612839525668534,2.2783809539281643,3.4196447160539716,2.77,3.4416873790434033,2.2929262034931153,0.689,0.864
203,10,13,15,16,10,64,21,16,14,18,18,26,18,9,2.881895936232902,4.745014704944119,3.140444780915062,3.59,4.1306728131399,6.377297943443219,0.565,0.782
204,16,15,16,16,19,82,24,13,21,20,10,22,23,13,3.205131212661863,4.636534066330745,5.5141302421483305,4.45,2.7384904120194364,4.926319859270537,0.859,0.931
205,15,13,11,18,21,78,12,11,20,16,12,15,14,15,4.098800868960989,4.8911205212594915,7.0,5.33,2.8019369649065506,1.5522967004172827,0.117,0.246
206,17,14,15,15,14,75,15,24,16,15,17,21,14,18,3.4335697673077124,3.640638523048019,4.610949872264558,3.9,1.8208212108640445,5.19060533148059,0.786,0.577
207,18,15,19,19,18,89,23,14,16,20,21,21,16,15,4.830307289971844,6.03806039677672,5.724346527740421,5.53,4.268122798704715,2.6816999488034154,0.674,0.275
208,11,12,12,8,16,59,19,29,15,22,17,15,16,20,1.0,2.3101995452757516,3.6163081148392435,2.31,3.825949800272158,3.4556911916526523,0.115,0.824
209,13,9,13,13,14,62,20,6,11,14,14,14,20,17,2.4133739051488483,4.717086520549046,2.6937863327787412,3.27,3.0205461247343477,3.479976610789997,0.695,0.005
210,14,16,10,13,17,70,35,32,24,10,15,20,18,16,3.1844385515223923,3.4957741598039207,4.39657472898763,3.69,5.201176394366518,2.5232857178991592,0.442,0.565
211,19,16,21,17,18,91,24,23,14,22,10,18,23,11,4.150028007144022,3.3065985295126983,4.635287085593452,4.03,3.457501664495877,4.11986487869569,0.945,0.339
212,19,14,19,20,17,89,26,20,15,17,18,27,14,12,3.5315677927136897,5.165097568388171,3.2162931887546247,3.97,2.5181399436770304,3.34007049720402,0.142,0.323
213,18,10,21,11,13,73,25,14,13,10,19,24,22,19,4.403330296965978,3.791341680541026,3.3814393140033765,3.86,4.598272310361579,3.162502003919255,0.643,0.645
214,17,15,23,20,19,94,23,23,22,22,14,17,26,7,2.2174704650615267,4.875675200408103,5.129857707444178,4.07,3.6544238480244733,1.628499910820297,0.382,0.851
215,16,17,17,17,17,84,18,23,17,14,14,20,21,21,4.637982822837284,4.1539248576424725,4.704940379306365,4.5,3.826093027857531,2.280167582950929,0.957,0.609
216,20,13,18,17,19,87,25,26,23,16,17,10,26,18,4.59596704383417,4.0075024691300385,5.2384566398426875,4.61,2.901310681592541,1.2783558434430136,0.33,0.853
217,22,16,15,21,20,94,19,23,17,17,14,20,13,34,6.4959494557382875,7.0,5.210083004421044,6.24,3.6149509307113004,2.8853342790948133,0.962,0.265
218,17,16,17,14,13,77,19,23,17,17,15,22,14,28,3.899752094320821,5.126107400439614,3.0382582723348266,4.02,3.5757547819947275,2.4138360661613265,0.901,0.52
219,15,14,17,19,18,83,16,18,15,19,24,16,16,15,4.489155846257657,5.197517965420161,3.9927469685079005,4.56,3.886188156168192,2.820914118163204,0.27,0.451
220,17,17,13,13,21,81,20,22,27,13,15,16,19,16,2.5847579065294486,3.6807405846805996,3.860986257082748,3.38,1.3742113133350942,4.184862156776424,0.804,0.012
221,14,8,20,15,16,73,29,18,13,20,14,29,12,20,1.0,5.036181761934754,5.986237203514877,4.01,3.1561491197916283,4.568232109415198,0.996,0.557
222,18,21,19,19,19,96,11,16,20,16,13,18,22,25,6.136773884319117,4.94584699460044,4.730651557779202,5.27,4.864909039346061,2.951258313668141,0.253,0.662
223,16,14,17,19,17,83,23,13,20,19,18,14,25,9,4.1227560516781026,4.3415996063842535,4.099462744070715,4.19,2.764126622737797,3.118655154363858,0.437,0.592
224,13,18,14,19,13,77,10,28,17,18,15,22,22,7,6.048756005094259,3.9364224076798036,2.6018943632673444,4.2,3.2630286804251636,5.612357785612995,0.52,0.736
225,10,16,16,16,15,73,14,23,16,12,13,26,18,10,2.9098221674933207,3.8269688369066057,6.984580760865603,4.57,3.2306900266242424,3.974973996093146,0.295,0.571
226,19,15,17,19,18,88,26,20,18,21,21,19,15,21,4.858993885680036,1.0,3.413980908256712,3.09,2.267388524089995,2.756200184522804,0.015,0.067
227,18,11,14,20,14,77,21,18,16,13,21,20,16,20,5.745216320987241,4.695832490913789,3.311444699595455,4.58,1.7088436050276157,2.0632010823812674,0.22,0.116
228,16,16,11,14,17,74,14,24,17,17,13,20,22,21,4.900600844289891,3.0708717675254436,4.762300425935667,4.24,3.254572208321288,3.6186825748280924,0.282,0.596
229,17,20,15,17,14,83,16,22,19,17,8,14,21,11,5.353095060001128,6.0109255462480995,4.376078844993219,5.25,3.851832995788251,4.407964903667361,0.444,0.275
230,18,15,17,13,18,81,24,17,26,24,20,16,15,7,4.291277636691094,3.5671438413535035,5.515458931032435,4.46,3.329952467949451,2.4403079829501295,0.171,0.08
231,17,17,24,15,22,95,16,24,18,18,13,29,15,21,2.843422831362434,2.3378754010993887,7.0,4.06,2.8958259459890754,2.9509969720879083,0.873,0.43
232,15,9,15,17,13,69,20,11,11,14,19,24,9,12,4.86969382337476,3.992774319210281,4.086448386929278,4.32,3.854399108986165,3.279959596071363,0.705,0.554
233,16,26,21,24,22,109,19,32,20,18,8,24,17,7,5.28491989093984,3.6624207984771,4.201171210311988,4.38,3.9633438541907386,2.456919244192126,0.085,0.329
234,10,10,9,12,8,49,13,8,22,12,19,8,23,14,4.077630053119244,3.9973665687585758,2.33534725766605,3.47,4.0780470947605485,1.632430970261144,0.65,0.72
235,15,14,16,15,11,71,29,26,12,19,11,26,11,20,2.3935879287149358,4.156196601215403,3.4966197012509808,3.35,3.4650708624473743,3.6517511320597325,0.654,0.644
236,19,17,21,12,14,83,24,25,22,12,18,19,16,17,3.2779945037064495,4.592573642638566,5.89483916275758,4.59,3.4706295865760755,4.553563091315154,0.956,0.333
237,16,17,21,19,13,86,10,24,21,14,16,20,23,14,6.180766171853616,3.337670313939257,2.1166678025630614,3.88,4.344684557773271,3.0015111871961477,0.003,0.755
238,16,14,15,11,15,71,20,26,15,12,12,18,9,16,3.743340819279851,3.329818996855341,5.191589065604627,4.09,4.9310725444571375,3.488179427212943,0.248,0.649
239,22,13,19,13,16,83,19,29,19,21,14,27,16,18,5.58956312910398,1.8662157646568271,4.325898654198115,3.93,2.9785491875178485,2.5354582146331697,0.928,0.637
240,14,14,14,17,15,74,22,26,22,22,18,20,22,9,4.042074590344449,4.9159657644971535,4.8142343169034705,4.59,3.730656048965806,3.8083032530933547,0.932,0.553
241,16,14,17,18,17,82,15,10,16,16,16,20,18,13,2.0839828805833824,4.819252763073952,4.226568131142425,3.71,3.774694944104021,2.9840845838483334,0.721,0.011
242,16,13,19,15,20,83,19,12,19,17,18,22,29,19,4.966488354166856,4.407898949911604,4.0375056183957065,4.47,2.2957074425646775,1.896144600883637,0.766,0.697
243,20,19,16,18,21,94,24,21,18,16,23,18,11,20,4.23825313979534,4.183720838628356,5.878213239689268,4.77,3.13435753970598,4.145822937560166,0.091,0.376
244,11,11,16,15,17,70,21,18,14,21,9,20,21,15,4.446093641250781,4.30833724530804,5.009142497746141,4.59,2.12546767756003,4.17495588814096,0.514,0.943
245,18,18,18,23,21,98,15,26,17,13,22,8,20,13,4.7683155414607805,6.791289280044424,6.1070434665273226,5.89,1.4984443785157513,2.1315465267715052,0.232,0.818
246,14,16,13,18,22,83,17,18,16,16,16,14,22,15,2.7213976084347653,3.8314449742104197,5.279943019104902,3.94,3.3635483468380976,3.1657734261089,0.181,0.588
247,22,13,16,17,20,88,20,21,19,20,12,19,20,9,4.158486695395086,4.224409646343163,4.288502948303864,4.22,2.8521778446749693,3.431345902817412,0.81,0.252
248,10,14,11,14,11,60,13,16,12,16,10,9,13,14,6.567261513255239,2.3365571889494245,1.565473807120541,3.49,4.174814093415213,4.550093737737024,0.135,0.204
249,19,16,20,15,16,86,29,19,18,18,15,23,18,25,4.981960089493367,2.731912720476717,4.98746278878222,4.23,3.536432467222096,1.5599502123885691,0.469,0.34
250,20,19,18,16,15,88,23,16,11,21,19,18,9,12,4.829316052693999,4.046569706469095,4.385983877418741,4.42,2.7475966734597264,4.480087874460691,0.939,0.477
251,16,17,14,14,20,81,13,18,20,5,15,24,19,14,5.781364417900081,5.027416861494585,3.909891571595164,4.91,3.1617412440659542,2.2803391528066284,0.186,0.296
252,20,19,18,25,17,99,26,17,21,19,22,26,24,20,5.127066805320639,4.760544456416107,3.77489722582487,4.55,2.3380831653851635,2.8371772639252177,0.978,0.515
253,15,16,17,15,13,76,29,16,9,14,10,16,19,22,4.667260419766143,3.508855019654453,3.079899502861248,3.75,5.086664515319343,6.400419176041661,0.994,0.165
254,18,18,21,17,22,96,25,29,22,11,15,21,22,15,3.5283608055229134,3.554133063633381,3.759458364195474,3.61,1.7886580207622305,2.9620906767415964,0.556,0.978
255,11,14,13,13,13,64,9,15,20,17,10,15,17,11,4.388556463697059,2.886337176160145,2.7168449608142233,3.33,3.6360666525543004,3.256308434480647,0.17,0.108
256,15,16,16,21,14,82,16,37,12,21,17,16,21,7,5.584216866750307,4.927167133982557,2.5820919718122957,4.36,2.774797475649758,1.2530273436042734,0.316,0.932
257,18,14,17,18,13,80,26,23,21,16,19,19,14,18,3.2007006415840036,2.3420968252072134,3.136055682771204,2.89,4.336524876475039,5.102815008135637,0.424,0.914
258,25,16,26,15,18,100,21,23,20,24,14,22,14,31,6.016157952773026,5.37256980914055,3.7601791706433394,5.05,3.074960847779722,1.6984580073632864,0.309,0.525
259,15,16,13,21,13,78,21,17,13,21,5,10,25,17,4.332811792724312,3.7471606483947735,1.8795452429736432,3.32,3.340891680150973,2.614723989734334,0.281,0.725
260,18,20,17,17,16,88,24,29,17,22,16,21,24,17,4.060387351201927,4.941041315449078,6.232273346925096,5.08,4.33278014508542,2.976891502096597,0.972,0.436
261,18,20,20,16,16,90,16,22,19,24,17,24,16,19,6.153633401341863,2.365980994403454,5.435604269567363,4.65,3.5796970260536005,4.793952599100437,0.153,0.63
262,20,17,19,20,20,96,21,23,19,20,17,17,20,18,4.269066323262785,5.258857118534932,4.103110936525085,4.54,3.675423427099563,3.676524217950922,0.733,0.341
263,16,14,17,21,14,82,5,35,18,17,20,22,16,13,4.972172224217953,5.390342537403676,4.036955961244814,4.8,2.8305133772089115,3.381663715644551,0.0,0.301
264,21,17,23,18,20,99,17,22,16,12,11,21,24,23,4.263554657487711,4.653788940838942,5.34095631177976,4.75,1.9188427530045458,3.19314159925665,0.596,0.578
265,17,16,14,18,16,81,19,28,18,14,18,17,21,18,4.368206074019735,2.9599076182888364,5.372024980709912,4.23,3.650800315654725,2.69719121747865,0.916,0.498
266,22,18,24,21,24,109,16,20,16,16,20,28,29,20,5.2882951603023765,4.871356953634088,4.831452037830185,5.0,2.561946537371055,2.5690614000338368,0.288,0.58
267,14,14,14,16,10,68,26,20,14,24,8,16,13,11,4.451894513909549,2.4728044825829905,4.115681644729922,3.68,4.649991556512891,4.070759277240339,0.186,0.287
268,17,16,18,15,19,85,13,32,16,16,17,21,15,23,2.2191105160635862,3.4881559619953806,4.149890576802877,3.29,3.217480668967576,3.9919955548004875,0.652,0.367
269,15,14,16,20,18,83,17,17,16,17,13,15,21,19,2.884080969522614,5.701882119384785,3.142371075385501,3.91,3.565429885662336,4.102529542213242,0.713,0.084
270,21,15,26,17,21,100,23,31,24,22,15,25,21,16,5.313645395917091,5.03294387716981,5.8505527843531775,5.4,1.6316123920090981,3.2740002724332724,0.688,0.052
271,23,16,18,16,20,93,30,26,23,17,17,18,16,25,4.287924209888187,3.945044317357493,6.244438224716157,4.83,4.929502325575431,2.495911823117354,0.319,0.253
272,20,22,27,24,23,116,15,23,23,27,14,23,18,16,4.770254781423326,3.7500427587043434,7.0,5.17,2.7907041985135224,3.307294228886621,0.252,0.074
273,14,17,16,18,17,82,24,26,14,14,13,17,22,12,3.079134796827417,4.974945497100805,3.0908905107471165,3.71,4.103098965379845,3.1135777791520147,0.956,0.104
274,17,17,16,16,16,82,20,28,16,17,16,11,20,13,3.3887112314342698,3.950202634448344,4.862845287002094,4.07,2.7884452807579967,2.1965704365757994,0.923,0.813
275,9,19,17,16,20,81,11,28,24,14,11,16,13,6,2.648495142625632,1.0754885604856348,4.48509249117664,2.74,3.4846918259452924,2.4533483515603782,0.457,0.039
276,16,14,20,18,19,87,21,12,19,12,11,20,24,19,4.0164835191378785,5.14332495900413,5.527174602009667,4.9,2.099484595436156,3.0726933423463203,0.846,0.659
277,12,11,20,17,12,72,18,14,23,15,18,20,23,6,3.0059735535204943,4.024286398627642,1.8491473569757857,2.96,4.315747348949053,4.716441943405314,0.452,0.273
278,14,14,17,20,12,77,15,19,16,16,11,17,20,10,3.055785898202157,5.914488807975573,2.0640477263953896,3.68,3.577043551586502,3.5793321911899256,0.424,0.872
279,15,10,18,18,13,74,19,17,16,15,18,19,19,6,3.441899882010127,2.8360061351161163,2.7600977659622306,3.01,3.8417372428773557,2.400806022233965,0.157,0.485
280,20,12,14,14,16,76,20,22,16,13,17,18,19,18,4.227325556334269,1.0,4.2214586130953915,3.15,4.190872712421264,3.380373002311236,0.426,0.306
281,19,16,17,24,20,96,21,23,20,11,9,22,18,17,6.758577000821967,5.29065965540888,4.24581742841587,5.43,2.0763363176466028,2.9905805324558,0.537,0.518
282,18,14,24,20,15,91,23,13,16,19,13,21,20,16,2.4503776295649593,4.795309057502525,4.629278072565503,3.96,3.014456321434439,3.6267763390412693,0.023,0.382
283,14,11,12,15,10,62,26,20,16,9,20,9,7,11,4.957572042577856,1.721441842435624,4.04821518194894,3.58,4.495392537853798,4.950858260891987,0.444,0.564
284,15,13,13,16,15,72,13,23,20,18,12,11,21,10,5.0564554043814605,2.724136979873125,4.567745236645158,4.12,5.558384741499944,4.492892917668998,0.781,0.115
285,14,19,16,14,12,75,28,27,12,16,14,16,9,17,4.02819548541153,7.0,5.045216714646563,5.36,3.7762379973503792,3.1523663542536924,0.68,0.997
286,21,24,18,21,20,104,13,34,15,11,17,18,27,16,5.883060133248883,4.189250279845075,5.339261212037718,5.14,3.743522964298373,2.232053182346898,0.635,0.426
287,15,15,18,19,13,80,18,26,9,16,19,16,17,17,3.7736961410816514,5.207509605561517,2.30383034398612,3.76,3.71725933612626,2.5765066946121573,0.91,0.348
288,13,14,16,20,14,77,21,23,18,13,14,12,19,11,4.335087977504742,3.637627803111645,5.165623932493623,4.38,5.503213062074692,4.272282292502987,0.018,0.71
289,12,14,16,14,12,68,19,20,11,17,13,16,13,15,5.804425153410964,1.1027560573276571,2.7443940840727676,3.22,2.3051790065414055,5.276401362528036,0.557,0.364
290,22,15,18,19,19,93,19,12,11,22,21,20,18,26,4.954145897572849,4.10021151660957,5.658626677572375,4.9,3.3770337797873204,2.6572403579985258,0.787,0.833
291,19,15,9,19,15,77,20,24,18,6,22,15,25,21,4.846455107823067,3.983062412041084,5.575577200933487,4.8,2.1541557723868516,3.1825674113489844,0.541,0.454
292,18,18,18,24,22,100,18,25,29,17,19,17,11,16,4.262579342303453,4.456439654766115,5.766182680274934,4.83,1.0,4.173187275379949,0.324,0.72
293,16,15,19,13,19,82,16,23,19,17,16,18,21,18,2.6341210109872852,3.4025206773705907,3.1688572165661593,3.07,3.5624689892763977,3.5104176425035623,0.136,0.107
294,12,17,16,17,14,76,21,16,19,19,12,14,19,13,4.356026917691163,4.378758899356398,2.805163793594744,3.85,3.8551591589314036,3.999291307827182,0.888,0.846
295,16,12,15,12,14,69,21,13,16,16,12,17,10,16,5.162854453537513,3.2312612145726587,5.123587290514515,4.51,3.467236613711387,2.307624224903322,0.471,0.736
296,13,13,19,13,13,71,14,26,15,14,18,16,11,13,2.2805592161508077,1.990330582245834,3.3878245106382665,2.55,3.7179700089366587,4.363587112058209,0.878,0.212
297,15,14,19,14,10,72,23,20,17,16,17,23,24,15,2.9575281218767207,4.2684078252366415,3.0681464800573455,3.43,6.909745456403627,3.0285391894888916,0.586,0.145
298,10,13,17,12,16,68,18,24,16,13,21,11,11,14,4.116267611129009,1.0205717660618832,4.924820844248228,3.35,3.3167707610602157,2.1423986785562854,0.674,0.316
299,13,20,14,24,17,88,22,25,19,19,18,15,17,10,3.952821558899825,2.4285462261479998,5.052482477238425,3.81,3.9317225338894457,2.8486719935021783,0.804,0.976
300,10,12,11,17,10,60,19,19,15,14,9,15,23,9,2.9433409264626365,4.9622690492831705,3.274259742556608,3.73,3.483668494488827,3.385496019506447,0.659,0.257
301,15,14,15,15,15,74,15,26,14,23,20,18,18,9,3.658633712603244,4.421678786558596,3.7315593476253732,3.94,3.9101104263416433,3.2031845548206803,0.398,0.456
302,15,15,16,21,17,84,16,18,21,16,12,29,16,8,2.765616877030334,4.494224778653854,4.008611693948495,3.76,3.247581145041825,1.7110776588994023,0.514,0.03
303,16,19,20,20,19,94,23,25,18,15,14,22,20,11,3.811666598381063,2.7225286927767103,5.604291468514051,4.05,2.9152403051790303,3.9816473162532695,0.803,0.397
304,12,19,20,18,15,84,20,22,14,12,17,17,14,15,5.674147481401384,3.3119430231548703,4.520146791297025,4.5,5.303030517394539,4.605968312701655,0.374,0.571
305,11,14,15,14,10,64,17,18,16,9,23,17,21,10,2.6774366106149485,3.3482185070091353,2.719627678446516,2.92,5.153481932147222,1.9699622545906719,0.388,0.953
306,13,15,13,15,7,63,18,19,9,9,28,8,21,17,2.5077586574273583,1.8378922586321242,3.5283703325215865,2.62,4.464583392539207,5.348334053678997,0.096,0.517
307,18,10,19,14,16,77,26,19,17,18,18,20,18,18,2.818054958761984,2.7630254641354766,4.006270235005573,3.2,1.4463045020656624,2.478716334309073,0.915,0.819
308,23,21,26,18,16,104,20,23,17,22,15,22,20,11,6.011517990665929,4.983229955825186,3.2586618935378393,4.75,3.222760874787913,4.21233528583803,0.091,0.547
309,18,19,17,19,12,85,23,31,19,10,18,22,27,20,4.674544258042638,6.06308915370936,2.5852624611932864,4.44,6.3735520875569875,3.69897673811856,0.648,0.041
310,16,11,13,17,20,77,18,13,21,18,19,13,18,20,3.1545862399563585,3.5387138660868738,3.8964854204457273,3.53,2.9922436963443286,2.9025425647564176,0.413,0.315
311,14,18,18,16,17,83,17,22,18,15,14,19,12,11,4.789574316798076,4.855863645576389,4.050261802946628,4.57,4.473922381115395,3.0167561218623433,0.406,0.576
312,15,17,13,15,14,74,24,20,19,15,23,13,19,18,2.6493242449357304,1.446971282345599,5.031489793509661,3.04,5.0458409159034625,4.805948167678949,0.68,0.951
313,21,16,15,14,20,86,26,30,24,22,16,24,25,15,4.983868806824806,4.481295022168756,4.0761337730011125,4.51,3.403286880952243,1.5838897076261538,0.067,0.859
314,16,16,18,18,15,83,23,23,19,20,17,18,14,17,4.860331841437014,3.1939447107027368,4.1424322195607965,4.07,2.870626908332326,4.065511012048887,0.594,0.228
315,13,12,17,12,15,69,24,25,17,15,18,26,13,9,3.3688010690327177,3.793331506003808,3.268050889362894,3.48,1.4138737398394352,4.578567190281868,0.772,0.22
316,18,12,22,15,14,81,20,11,11,15,17,26,19,9,4.940047680831796,3.494312624265656,3.4858097469877856,3.97,4.353086800061801,4.29050152718065,0.828,0.201
317,13,18,12,17,18,78,21,25,14,6,19,17,18,13,3.4885355097949913,5.6764129248518875,2.9621711399249913,4.04,2.633110331521794,5.513874604346183,0.171,0.922
318,14,15,17,12,16,74,17,26,16,14,13,20,11,15,5.534026702459327,2.3413129441073077,3.911602946552488,3.93,3.713826846361552,2.77146262599699,0.897,0.853
319,27,12,21,15,20,95,27,19,17,17,13,23,22,20,3.9947560959048993,4.569839154642844,4.708658499189607,4.42,2.0605390895362303,3.8678870308462985,0.656,0.775
320,19,17,19,25,16,96,20,29,16,13,11,12,33,13,4.213822666472423,4.732006594105025,4.698729859547759,4.55,3.310314383793378,3.2110845536630808,0.882,0.393
321,16,20,18,17,14,85,20,22,16,16,17,18,19,15,5.023959051706933,3.8595554338615905,3.9861167572804432,4.29,3.7584572977419177,4.828068645378122,0.485,0.504
322,20,15,20,22,17,94,24,29,20,18,19,25,17,20,4.162688835648781,4.466520088259285,3.09226973575083,3.91,3.710917524251076,3.201198841911853,0.542,0.464
323,18,12,20,17,15,82,16,32,16,17,17,21,11,17,5.1780366825752955,3.015007815769408,5.069118626793705,4.42,2.6210525466976473,3.0303157955243383,0.919,0.253
324,5,11,10,7,11,44,24,16,16,11,22,7,13,11,2.4750112189344913,2.7600271485636094,3.395718910822983,2.88,5.0840953288583925,5.240182526718257,0.9,0.505
325,14,11,20,16,18,79,13,16,18,18,15,21,22,12,2.8238037251957433,3.849415541435887,4.729664165010509,3.8,2.832276865574115,2.585951973028361,0.448,0.03
326,15,10,17,13,15,70,13,26,10,18,18,26,18,21,4.668076862227871,3.839780900520904,3.937941329393457,4.15,2.1094286392775006,1.964831595822402,0.274,0.132
327,16,13,14,11,16,70,25,29,14,11,11,21,14,11,3.314894259067118,3.3918631799138717,3.604109258976892,3.44,3.453123761359057,2.784042253033728,0.393,0.887
328,23,13,16,19,16,87,27,17,17,22,14,17,16,22,4.975887056096965,5.2898741678751104,4.365096360685882,4.88,3.5842174369136757,3.964958522232165,0.388,0.752
329,19,19,14,20,12,84,24,22,11,15,18,20,15,23,6.779954309658992,5.571760511924533,3.8624986485777604,5.4,4.049280723080582,5.2173686847596485,0.287,0.423
330,13,12,14,19,17,75,21,17,20,15,19,15,23,17,3.3771427897963484,3.0185338254846235,2.5248051371412155,2.97,4.710619715696048,3.324728236252826,0.269,0.517
331,14,14,18,15,14,75,18,13,22,20,14,12,21,14,4.8854042165763625,4.86615270576851,3.1977322459961677,4.32,3.511472528901927,4.916221509782975,0.861,0.37
332,11,14,21,18,16,80,12,15,21,19,15,18,12,11,2.8480553391154606,2.7241162337693035,3.876004741295948,3.15,3.443436817881912,1.9093564437315405,0.07,0.741
333,14,14,14,10,17,69,19,15,17,19,9,23,21,20,4.966863517985544,3.8826438279920157,4.597114748019265,4.48,2.4568519102357342,2.7483543036729956,0.678,0.784
334,17,15,17,17,18,84,17,17,23,18,14,17,20,10,4.5031865960477635,4.815514666630351,5.758974616199001,5.03,4.128093831606957,2.7969870086828035,0.173,0.763
335,15,15,20,20,17,87,23,21,18,15,19,20,26,11,4.8069638115931665,2.0886969546717373,3.5336698093527588,3.48,3.633865466682139,3.09009111005117,0.345,0.723
336,16,16,15,21,12,80,19,23,14,17,18,16,14,15,3.717888200769215,4.678985473161338,2.855294039029913,3.75,3.5184863555732373,3.857565704373886,0.062,0.205
337,17,15,15,14,15,76,16,30,14,11,18,25,10,23,2.43757903880451,3.0954205427050563,3.417189377365364,2.98,1.8989773309566318,4.151875293282027,0.27,0.338
338,16,11,12,13,14,66,18,13,15,15,16,22,15,18,4.229112174324015,2.6111046639344275,2.9258819992193805,3.26,5.048098775913415,3.0833163555571588,0.768,0.47
339,14,13,18,15,17,77,20,25,16,17,16,29,19,11,1.6852099696358946,5.458469475661374,3.9729004019236367,3.71,2.343039300389234,3.3537337262452187,0.885,0.331
340,13,10,12,10,15,60,15,16,17,14,13,14,22,13,3.165198315120982,2.357207640819782,4.744888922753902,3.42,3.0996713677319496,3.3866584783741653,0.222,0.755
341,16,13,14,16,15,74,15,19,17,15,18,17,20,14,5.021016920059672,2.9356187843599932,2.8571759301868966,3.6,3.9678067234045686,2.470969979959408,0.464,0.329
342,17,14,18,19,11,79,21,24,15,9,17,13,18,14,4.341981622980047,4.402406688554673,3.62074934140062,4.12,2.8960101577330484,3.764152481310361,0.47,0.138
343,18,13,15,11,15,72,21,13,18,14,17,23,10,22,6.1392059223835265,4.130397478233486,2.1867063982006014,4.15,2.274860160420718,3.2842149647779064,0.874,0.399
344,17,13,14,17,16,77,17,22,21,16,13,11,23,11,5.114196251896753,3.880021248545032,3.5590221886540645,4.18,1.6111003604710818,3.149755735392877,0.763,0.98
345,18,14,17,16,12,77,18,21,18,17,7,19,13,25,3.402945925206148,5.35947338084451,3.029590455480995,3.93,4.561599640325124,3.803155747760835,0.513,0.226
346,13,11,16,15,17,72,19,21,12,12,20,13,24,19,3.7007065665372627,4.451112042709749,6.064845992457808,4.74,2.9669681935707186,3.2878666150511595,0.671,0.612
347,16,15,16,19,19,85,12,23,10,21,14,15,18,21,4.2291855502622075,1.6331008764680925,4.432434380452829,3.43,5.966613044879738,2.5353797247880556,0.847,0.433
348,19,16,19,22,25,101,14,36,25,14,12,16,28,16,2.678033305859868,4.041875859905649,3.593341417313115,3.44,1.8569833688217434,3.6348582492155037,0.01,0.071
349,19,13,17,18,16,83,17,16,12,20,18,16,21,17,2.932012876601065,3.4914133491683823,2.0717770724088513,2.83,2.710410618707696,2.105532266044145,0.403,0.488
350,11,14,17,19,14,75,16,17,15,18,14,16,18,7,3.506350773351137,4.898378795774646,3.7903232659697053,4.07,3.2107551109520864,2.7962035023252785,0.907,0.702
351,18,25,23,24,21,111,22,25,16,16,20,21,19,15,3.5495776582336926,1.7227252543589664,5.736371886564963,3.67,3.33796362678996,5.650623462341949,0.74,0.513
352,13,11,11,16,15,66,25,15,10,21,18,17,16,17,3.723111284234426,7.0,4.335875967188458,5.02,3.2103566136561876,2.3544238243417213,0.543,0.872
353,11,14,16,10,9,60,21,17,15,11,18,13,16,20,3.8524000726522862,3.8128187959840876,2.966861192359126,3.54,4.724519131731293,2.699274058149442,0.53,0.289
354,15,21,17,19,17,89,18,32,20,20,10,19,19,11,3.341560806718955,4.492323010583157,5.534526020335332,4.46,2.570756312085435,3.972790672928319,0.348,0.086
355,18,18,16,16,14,82,20,31,14,20,20,23,15,16,5.189098275290532,5.378145680592182,3.1968731573656513,4.59,2.4645944257393557,1.386283847326355,0.521,0.937
356,21,18,23,20,18,100,17,20,9,16,17,21,19,18,5.535115174588337,7.0,5.450258863189439,6.0,1.734042247422096,2.8524015526155977,0.655,0.378
357,20,19,17,19,22,97,21,20,18,22,14,15,19,12,5.145236989149781,5.37926244593177,3.605276128383812,4.71,1.0,4.879152958583976,0.418,0.576
358,18,16,17,19,23,93,19,25,22,15,16,18,10,20,4.074834310423573,5.475180312078715,4.549800694685362,4.7,2.4672390828709276,1.0,0.714,0.792
359,23,16,17,20,21,97,24,19,15,18,8,24,22,17,5.091269422976763,4.597648512316477,3.231875404987852,4.31,2.840539196877292,1.0,0.861,0.324
360,20,15,19,18,19,91,17,25,19,18,17,21,14,18,5.036985399434439,4.0078432116892095,4.43238989822457,4.49,2.7132787938469267,1.4261927943114392,0.155,0.716
361,12,14,15,9,11,61,20,22,14,15,11,15,8,12,4.470220684593053,2.4480968658552635,3.130285571254243,3.35,5.126600451584567,4.816304514420466,0.452,0.135
362,16,20,25,21,19,101,27,16,21,23,10,27,13,13,4.13050699475819,3.549726127564436,4.83478205979724,4.17,4.413185037094181,4.154187885450167,0.408,0.291
363,17,14,19,21,15,86,19,29,17,20,9,15,12,17,4.436022215345236,3.7206314609793605,4.011463681763675,4.06,3.334138252821907,2.900658040652387,0.687,0.145
364,21,13,20,12,21,87,24,30,16,11,20,24,9,18,5.303349304454954,1.7563184472581264,4.141766191239919,3.73,1.4757077346966536,3.4707382636229656,0.25,0.811
365,16,16,18,16,17,83,23,19,22,22,13,21,14,15,3.772226634638245,3.833168564190744,4.135271453151342,3.91,2.947295865179865,4.654570185855208,0.64,0.223
366,18,9,19,16,14,76,18,14,16,11,22,19,26,14,5.69389782915909,1.8564898782660761,2.2059059320753738,3.25,3.179280992393177,5.403972134691294,0.877,0.717
367,15,14,17,15,12,73,20,22,15,20,13,15,14,17,3.5453534334010426,4.033291761697168,4.780823730036687,4.12,3.301725306479032,3.5140348464155777,0.418,0.943
368,17,12,18,16,15,78,20,21,13,21,9,15,18,25,3.859210754173893,3.881751190407852,3.6333190856310225,3.79,3.002364172672723,1.04084779542799,0.911,0.528
369,18,13,18,14,18,81,21,23,17,13,11,22,18,18,3.2294606475711296,3.85158232988198,4.018626194072299,3.7,2.780562867538933,2.243577917939402,0.993,0.54
370,21,20,15,20,21,97,18,36,17,14,20,22,20,24,5.2939074845785825,3.795546549090844,6.74525165924277,5.28,2.762319913898555,2.316710675124923,0.106,0.461
371,14,20,16,19,20,89,18,24,19,12,15,15,19,9,3.111741362961161,7.0,3.623870684868854,4.58,2.622106992244751,2.603420632592359,0.233,0.326
372,16,19,17,19,15,86,22,20,23,16,13,20,14,17,4.286937688555291,5.980535510378372,2.7829439543502943,4.35,3.8306581178777352,3.238262615308787,0.95,0.476
373,11,16,20,18,16,81,24,14,12,16,16,12,25,9,3.2221120198447695,2.6526002088717635,3.005649695928862,2.96,3.882237330222945,4.484639161813398,0.958,0.603
374,20,19,19,23,16,97,26,20,11,20,18,18,29,12,5.043432384153979,5.106204706172226,4.069547282052143,4.74,2.720289296924245,4.646339743140023,0.098,0.986
375,17,18,18,21,21,95,30,23,25,22,20,19,13,14,5.844399546256621,3.817706125427983,5.547936351789541,5.07,4.277687505855523,2.581956873494077,0.015,0.938
376,13,14,17,9,9,62,14,31,13,22,21,15,9,20,4.846150457733973,1.7862319331308014,3.5587434693042947,3.4,3.268768083689846,5.248742325467884,0.161,0.862
377,12,17,13,14,13,69,21,20,13,13,14,11,15,19,1.9543681099231551,2.024541771645665,6.223699284652458,3.4,2.3360745305743245,4.029790452657511,0.996,0.889
378,17,12,18,15,15,77,21,20,20,16,10,16,12,18,6.0904162481024375,4.329769909791934,1.6202487889361112,4.01,3.9883152585553523,3.5006340105727594,0.18,0.468
379,15,15,15,13,15,73,29,21,14,9,14,18,18,9,4.609609598790774,2.7061852790509446,4.577219865949593,3.96,2.892945482122394,4.376058122357622,0.503,0.657
380,17,14,18,21,14,84,16,27,23,14,17,18,17,16,3.2668298097909543,5.753883000571164,3.1787274936748577,4.07,4.021353107546322,3.6208760824703994,0.848,0.895
381,16,12,16,17,13,74,15,33,18,20,12,8,27,18,3.9976807463079482,5.275090409729524,2.956106806930941,4.08,1.6176419218643443,5.797349413251762,0.02,0.393
382,15,14,18,11,18,76,16,17,16,23,12,10,20,17,4.324542087647264,4.976120948280145,3.883215631168525,4.39,4.650921288043888,1.6015611701807164,0.604,0.962
383,12,14,12,13,5,56,7,18,19,10,17,12,16,6,3.3885679675284304,2.496074775044905,1.0840186663938227,2.32,5.129014655650781,4.0198622887929965,0.277,0.416
384,19,17,18,15,17,86,18,29,16,14,15,21,21,14,4.807211188284401,4.382785670424769,6.074845265816462,5.09,2.09365140678738,3.077657460195306,0.862,0.601
385,16,21,20,23,24,104,16,30,24,17,16,9,26,16,4.524433250576405,5.59716398421902,6.5497695569932155,5.56,1.5015494970124683,2.880747115694114,0.283,0.71
386,18,13,18,18,25,92,21,30,23,18,12,17,16,20,3.5271418827131615,3.5991233366094515,5.894676756051242,4.34,4.294781435060403,3.629915501464107,0.687,0.951
387,12,19,20,21,22,94,19,28,25,14,15,19,16,6,4.131240751931654,3.6164920687946487,6.691426131905039,4.81,2.354167179680908,2.6228823895354623,0.674,0.245
388,20,17,20,23,18,98,30,21,24,19,12,27,22,18,2.9968691256381064,6.797655701517403,2.9595973883178006,4.25,2.6153486760319185,1.618384267594224,0.221,0.746
389,16,13,18,18,17,82,24,23,18,15,19,18,22,17,4.137993579412569,4.461248821543181,2.955382846301224,3.85,1.3937699446997058,4.085111383699567,0.035,0.521
390,20,16,16,18,17,87,19,28,15,16,20,19,19,22,5.0844495420120985,4.963125744138612,2.0788315143247216,4.04,3.144694067333677,3.994084784644551,0.409,0.269
391,21,21,22,19,19,102,18,30,20,20,8,23,12,22,5.770516331645555,3.2993429279862467,3.993143869921411,4.35,3.0823531913827042,1.0,0.289,0.777
392,15,5,19,19,14,72,21,16,14,17,12,11,15,19,3.6636008155779316,2.8113050260358134,3.92240555026835,3.47,4.38172826866204,3.541804353018255,0.809,0.552
393,17,14,14,19,17,81,13,26,25,14,10,19,19,13,4.489024400266967,3.6097370734026684,4.438502929197393,4.18,2.186348548993856,1.5560034179970272,0.8,0.661
394,12,14,16,15,16,73,26,27,18,16,13,19,16,6,3.537476772722491,3.6463371644999185,4.294269346848954,3.83,2.1629609827167355,2.6303777572104146,0.457,0.323
395,19,6,16,12,16,69,26,22,16,16,15,20,24,16,3.838364426768517,2.1081306967515054,2.6799297142125473,2.88,3.9650573795457777,2.382777220535676,0.607,0.481
396,16,19,17,21,15,88,17,28,17,15,10,35,14,21,3.386005812777072,4.5526486956659875,4.778359828671092,4.24,4.5605542802027585,4.274921635357893,0.604,0.617
397,19,14,20,18,23,94,13,20,16,17,12,12,21,24,3.1289689653239834,2.1071168078332585,5.733942479769364,3.66,1.5045208943431745,2.657521829071576,0.827,0.405
398,16,15,15,17,13,76,26,22,12,22,11,24,24,20,3.2112859861557297,2.677892467615406,4.321188524807603,3.4,4.803760876257096,2.321384858861311,0.425,0.198
399,18,12,14,18,10,72,20,26,18,17,16,15,28,19,5.022351403081824,5.006059752810773,1.0276297687538851,3.69,4.111631654280637,4.909474459624439,0.275,0.962
400,16,14,13,12,13,68,25,16,13,14,16,17,13,18,5.1756497207028485,4.157564308886925,3.885052220342289,4.41,4.8131690360213195,2.167293473985448,0.265,0.511
401,22,17,19,17,16,91,15,25,13,20,13,20,20,17,5.128501614787892,3.572573523732886,2.910940196016985,3.87,3.48859712705942,3.664584025738355,0.536,0.734
402,17,13,14,16,17,77,17,17,20,14,16,14,20,16,5.166178425019695,2.6758935640261288,3.9210304840617813,3.92,1.1595308744508017,2.362907362851471,0.449,0.411
403,20,18,24,17,19,98,21,24,23,24,13,22,19,26,3.7641115714797646,2.791721163529772,5.269573408186738,3.94,3.151605120339308,2.604639158760967,0.44,0.355
404,19,19,14,12,18,82,21,31,21,17,14,18,15,14,5.2801983327569815,2.9570820313509927,4.618655040161402,4.29,4.347124888190041,3.6212683777501615,0.091,0.407
405,20,16,22,16,8,82,19,23,16,18,22,16,19,26,4.295653870823425,4.7182896936281615,1.7201980568101445,3.58,3.435097461980668,4.761016872083792,0.719,0.409
406,16,17,16,19,13,81,22,23,13,18,21,21,8,15,5.527717814053764,5.449909769298814,3.569283551341899,4.85,3.460377905887981,5.04792667918153,0.214,0.544
407,16,10,16,15,16,73,14,10,12,10,10,16,20,23,3.3896067368154914,3.188645072125995,2.5552864505152124,3.04,3.391772398022474,3.2358665987376813,0.197,0.543
408,11,10,10,8,7,46,16,22,18,9,19,8,13,7,3.090154612408888,1.4877602310063711,3.598881445180847,2.73,1.688864561105925,4.649682743162682,0.413,0.497
409,21,18,17,18,16,90,22,27,16,12,19,17,17,22,5.340863097203734,4.510822885105261,3.9273844737700725,4.59,5.080721016104212,2.866288424604003,0.228,0.135
410,16,13,16,15,12,72,22,32,14,17,11,23,26,13,4.948837297053874,2.786866180149839,4.527686473413726,4.09,3.078442899317407,3.9593426520374564,0.584,0.496
411,15,14,15,11,14,69,22,19,21,22,19,15,11,9,3.386906519663687,2.6512730915571665,3.210384141559239,3.08,4.189969921973091,4.002670523720968,0.371,0.169
412,19,16,21,19,17,92,15,23,20,27,22,23,17,19,4.3668187997143875,5.937728899767458,3.79041336055515,4.7,3.386110667802737,3.1069849688100515,0.449,0.126
413,15,13,14,14,13,69,11,21,17,18,11,13,25,21,2.800958378872952,4.687298890690026,2.772189842228694,3.42,4.964754268396392,1.782680897510479,0.537,0.933
414,17,12,20,17,23,89,26,28,28,20,12,24,14,13,1.0497868929811998,4.248158756485141,6.392493448511765,3.9,3.312064991565199,2.88067282989774,0.204,0.605
415,13,14,15,15,11,68,19,20,12,9,20,20,14,8,4.3514873718517855,2.23595041055645,2.44419073631686,3.01,3.775125973707714,4.261341891084823,0.156,0.659
416,19,14,18,18,14,83,17,22,19,15,17,27,18,18,4.804959674757111,4.441468092976384,4.42199555397709,4.56,2.910789167478183,2.8386176779616115,0.88,0.402
417,15,20,19,17,16,87,26,28,17,14,18,19,22,15,5.33698028036339,5.35971511324712,3.7440916225178484,4.81,4.282178960592477,1.9860699411116625,0.434,0.909
418,16,15,22,20,22,95,20,22,21,16,17,25,20,19,2.1172992266409696,3.975544051630189,3.249437878384413,3.11,1.3155912753431793,4.182644539344805,0.412,0.638
419,13,16,19,16,16,80,23,19,23,17,17,21,12,19,4.045100721403411,5.58646213373241,3.549735826569032,4.39,4.143258400216165,3.83231237903229,0.036,0.769
420,12,18,18,16,17,81,17,25,19,15,10,25,15,14,2.27742963990515,5.514746170531325,3.1122202652507087,3.63,2.4606363180458697,2.9710288455895024,0.498,0.369
421,21,16,17,15,17,86,32,28,20,9,20,15,14,28,5.955322734165641,5.842896195892417,4.36716336360251,5.39,4.610197101007161,2.027077658282483,0.554,0.96
422,12,10,16,12,11,61,26,12,18,19,20,21,15,15,2.3117531871926893,3.7907482405104855,1.9465874431124992,2.68,4.137349798908127,3.02792701375887,0.559,0.82
423,17,18,19,16,17,87,19,24,16,13,15,19,19,15,6.1341232896336635,4.648099748512667,5.290073485576399,5.36,4.054223443465643,4.563429432916704,0.707,0.854
424,16,20,22,14,17,89,24,21,15,19,15,22,18,9,6.096164738124247,5.408616162132643,4.2378644376342764,5.25,3.540325323168544,3.3523127901167276,0.177,0.172
425,8,11,9,11,8,47,18,25,9,21,9,13,7,11,2.670511814066522,3.837733559286446,2.417439380981766,2.98,2.650145569459529,3.6464752887462417,0.252,0.271
426,14,11,16,17,15,73,25,10,10,12,18,19,22,14,2.412720354870693,3.4382094956799487,4.626006553217475,3.49,2.8533418332063265,3.963468316455754,0.811,0.286
427,18,14,15,15,13,75,16,17,23,6,18,16,18,22,4.517923924037252,3.2476075672231874,4.560021443821366,4.11,4.429743146506608,2.8112599711636608,0.947,0.271
428,19,17,20,17,13,86,24,25,12,16,15,22,24,20,3.6500750898547163,4.347165730686198,3.5420000019201074,3.85,3.967406649607748,5.218298065769381,0.136,0.855
429,16,14,15,16,14,75,24,29,15,20,20,24,19,11,4.242711734593906,2.3407160796361577,2.9572576635108794,3.18,4.807280768463076,4.952196968509197,0.498,0.032
430,18,10,12,9,13,62,12,17,15,22,14,19,18,18,2.98147921512719,2.8566743466256748,1.7275001754355164,2.52,4.18372112669174,3.1728749474393707,0.214,0.076
431,18,18,15,17,13,81,15,20,17,11,18,21,20,21,2.76281422662234,5.401354509607255,2.8530279640873477,3.67,2.931302433659557,3.0043518288888085,0.06,0.274
432,19,12,16,18,23,88,11,30,24,18,11,16,24,25,1.3468790299077447,1.4894048738438541,4.847482914061627,2.56,2.21309874220156,1.0,0.326,0.2
433,19,16,17,23,17,92,20,14,21,15,15,15,23,22,4.686301035910366,6.705458108797298,4.442846953733424,5.28,3.559458017459916,1.6688688088311863,0.144,0.232
434,19,15,20,15,22,91,24,9,18,17,15,25,16,21,3.6583151293253047,5.177745394634761,4.936629432231213,4.59,1.0,1.255669992888031,0.71,0.798
435,18,15,15,14,11,73,27,24,14,26,16,21,26,18,3.667716553357427,3.1061486671570604,3.889859868431776,3.55,5.519735117779165,4.022876430633556,0.534,0.563
436,17,6,12,11,13,59,20,12,17,9,14,21,18,19,3.6787120551517085,3.955682008337564,2.9286202602118463,3.52,4.218892000557156,3.3187796619975165,0.144,0.006
437,25,15,16,14,16,86,32,15,16,17,15,15,19,27,5.584579521639164,3.674914930478721,4.080751882892128,4.45,4.674534560730017,1.922704947837564,0.009,0.429
438,10,11,16,12,14,63,10,22,22,18,19,17,9,7,3.3677924596385913,4.9269569451370785,4.9800336227248225,4.42,2.282659453990691,3.2534474158355002,0.808,0.408
439,17,19,24,25,15,100,12,26,18,23,14,17,17,15,4.5150285861630035,6.282821658503299,4.301082757295661,5.03,4.77798072623399,3.9589436773463254,0.176,0.114
440,16,19,19,18,19,91,19,21,21,18,9,18,20,13,5.448452710373639,2.4615074292545973,4.654623273168685,4.19,5.330546029759333,3.53358257709115,0.606,0.676
441,12,10,15,11,8,56,19,10,15,17,22,21,15,16,2.0110105969753627,4.009585686204184,1.978421777448386,2.67,3.044617376784833,2.243902345725554,0.337,0.702
442,15,16,19,19,12,81,19,27,19,16,21,18,16,22,4.682380567502879,4.0567539604710054,2.7153484023202124,3.82,4.607679239843395,3.6367880697073875,0.585,0.721
443,20,16,20,22,18,96,11,26,19,19,10,24,21,16,5.047352616125998,4.794189604538424,3.644394638570996,4.5,3.378966773712179,1.6588150429839916,0.316,0.728
444,19,11,15,18,15,78,20,18,12,14,18,16,25,7,4.425600181156145,3.2870489997840813,3.387732357293471,3.7,2.2283058878906763,4.371051734469679,0.087,0.0
445,17,17,17,17,16,84,14,33,19,19,13,20,21,15,2.437218368646193,6.201943189949903,4.921553079046258,4.52,4.003381444201634,4.136618567247707,0.223,0.954
446,8,16,15,10,14,63,18,16,14,14,17,12,9,16,3.589341198955047,4.438255451007247,3.5255586714256983,3.85,4.48970334135503,2.612126256147237,0.188,0.814
447,21,18,14,14,17,84,24,15,16,17,17,16,16,21,3.765243492815377,2.7621131697429195,2.9356557552210787,3.15,2.9158281267688846,2.412774610008519,0.428,0.904
448,12,15,17,12,14,70,13,17,18,16,15,6,11,16,4.392676718752769,1.7759100211417165,5.584409855184251,3.92,4.793500831477356,3.0662035131392718,0.658,0.016
449,12,12,21,19,14,78,15,19,20,22,12,21,17,13,4.356972528534973,3.8355384391268177,4.086143280909699,4.09,2.2038933368939437,1.2036450354128,0.264,0.934
450,14,14,16,15,19,78,13,22,19,16,13,11,15,9,5.790635314406759,4.3325785933207515,3.2611566863087913,4.46,1.9240411396565533,3.3341039104640755,0.012,0.81
451,18,19,13,17,14,81,20,23,17,8,12,21,16,20,4.3436446004953195,4.3491941290412885,3.297994270781117,4.0,3.852507641916575,3.2620967712227897,0.519,0.837
452,11,20,20,14,13,78,21,27,22,22,12,24,11,10,4.493599225912588,5.210733459566648,3.6775131168434005,4.46,3.838258543579544,4.666589692598456,0.606,0.093
453,15,15,15,17,14,76,14,14,17,12,15,19,17,26,5.558188858526161,5.024610789074776,5.5186348769446125,5.37,3.0725474020368493,2.4037993294957474,0.963,0.739
454,16,10,16,12,12,66,22,26,24,14,13,24,13,19,3.8468043864239703,4.6069851917530595,2.2240513397538364,3.56,4.642594568117398,3.1264665408038006,0.589,0.96
455,16,15,15,14,15,75,17,21,19,13,18,13,6,14,5.6891742718118685,4.072644666723658,4.957222241621573,4.91,4.125550017708321,1.867313045291785,0.471,0.679
456,21,19,17,19,20,96,18,31,13,22,21,26,28,16,5.213731535100169,2.602413690587798,6.3569248087151164,4.72,3.987614378082721,1.8285164527981894,0.573,0.571
457,21,16,25,21,19,102,21,24,21,11,13,29,25,19,3.149951582725204,4.324295900741987,4.066350191337806,3.85,3.1779620820350187,1.7559686147783615,0.928,0.946
458,11,17,19,18,16,81,12,25,18,29,16,19,17,13,3.10738555709956,5.484231484292184,3.852657994085873,4.15,4.103664694654694,4.35684455769427,0.828,0.443
459,13,13,15,15,7,63,15,23,17,20,17,22,17,20,2.253531126383982,3.735413807610447,1.3367177816662887,2.44,3.9321619589508168,3.605134230154371,0.323,0.599
460,16,14,16,18,13,77,14,23,18,17,17,13,13,17,4.863964958770875,4.799863361365808,3.352299020877405,4.34,5.692631964354762,3.787047309289682,0.237,0.476
461,13,10,13,14,15,65,27,21,16,15,16,12,24,11,4.8371594977299655,3.279411090614201,3.9095862637592984,4.01,2.89739060664658,3.0377101718250703,0.263,0.933
462,12,10,8,9,11,50,17,25,10,14,18,9,22,23,5.57076681039287,1.7673938231054653,3.8605991900074477,3.73,5.914533111797576,2.5625277075874067,0.504,0.076
463,17,18,15,20,13,83,16,25,15,18,17,15,20,17,5.676373733582161,4.285524583141862,4.6906631911890795,4.88,3.846945788096421,3.4829748316030202,0.744,0.501
464,18,16,13,14,12,73,21,26,12,17,11,11,21,21,5.725655921140448,4.050764572904977,2.596513016988693,4.12,2.644993260094501,4.392994210418404,0.503,0.687
465,17,13,15,20,16,81,19,19,15,18,19,22,20,14,3.332123614154558,3.6314501855928567,2.104432034726347,3.02,4.803476255515946,2.06573579003589,0.068,0.792
466,14,12,15,13,16,70,17,27,19,16,19,16,10,17,2.5393334884377836,3.2537651615468697,4.117785703549755,3.3,3.6678896579858957,4.162574832085956,0.724,0.583
467,16,18,18,16,20,88,22,20,25,16,12,21,15,18,5.684116539274306,2.7720996947162995,5.212744742489792,4.56,3.98120136073963,1.9892146183952653,0.806,0.909
468,15,16,17,15,14,77,22,32,17,16,16,16,17,7,4.8983527704064445,5.173900517859278,4.013157044927439,4.7,4.846468446563039,3.0436255863109642,0.289,0.942
469,18,16,15,15,13,77,18,22,11,15,18,9,15,27,4.553916297762638,3.4369296570093835,3.2248276372761024,3.74,4.124007145824741,4.209672339525726,0.664,0.064
470,17,13,15,14,14,73,17,12,18,20,15,18,15,23,4.406155126332902,5.456003801810783,3.884181934825645,4.58,3.186211054129413,2.856018614173062,0.427,0.402
471,9,16,17,15,14,71,14,23,20,19,20,10,16,11,4.79344045281999,5.677044269938726,5.322949024188494,5.26,4.619619031831933,3.584823979535298,0.889,0.023
472,15,15,21,18,14,83,8,17,14,7,25,21,18,11,5.707121669570792,4.082152881616881,4.150047529398212,4.65,3.7283223542559205,3.2185913277300484,0.845,0.329
473,23,16,18,14,22,93,16,27,20,19,12,13,16,22,5.872370659647121,2.431997243662965,4.907432307467144,4.4,3.6552767884837745,2.7827456462521614,0.525,0.537
474,11,10,14,10,15,60,23,14,17,16,10,25,9,14,4.121747719968516,1.0,3.429952120029052,2.85,1.6712929504854455,1.0,0.692,0.911
475,17,12,18,18,17,82,28,16,15,17,17,23,15,19,4.762274419729678,2.3730845722541734,4.15636474251258,3.76,3.8739981636945737,1.306965925261916,0.883,0.847
476,12,13,15,9,16,65,16,9,19,14,18,17,8,15,4.546812473414558,1.34470329469475,5.833084752194584,3.91,2.9690031375585915,3.961771020375706,0.496,0.127
477,21,18,18,20,20,97,25,21,19,21,15,25,24,21,4.228316914559924,6.130757217195336,4.719422844957176,5.03,4.714551310900065,3.9509306363287346,0.313,0.093
478,17,16,17,19,19,88,21,8,20,20,21,15,10,24,5.2745948595905325,4.451712760982659,4.69625762365756,4.81,3.8601523582002786,2.0382284098435237,0.754,0.589
479,22,20,25,18,23,108,35,16,18,16,10,27,23,22,3.4978009622546127,4.660426768786269,4.98704485596296,4.38,3.1601281075328838,2.282355642057804,0.22,0.532
480,22,18,17,17,23,97,28,28,19,18,18,19,24,15,5.91039677943222,1.3258970351074897,6.623005097105722,4.62,3.3854322730660598,2.8424640224980293,0.389,0.266
481,15,18,16,19,17,85,18,28,20,12,13,19,18,22,3.4141197085969806,2.8374978476564117,6.3596748668615675,4.2,2.5526073902146504,3.9298956479884377,0.866,0.899
482,17,9,15,13,12,66,15,19,14,10,22,22,6,24,3.681994021985127,4.633304211860514,3.8366598964855227,4.05,5.386436416376186,1.662064521335283,0.724,0.927
483,12,19,15,14,11,71,9,19,21,13,23,20,15,29,3.9548517549886935,4.023398011515255,3.2637802287111364,3.75,5.810382184327227,2.9611551249702956,0.404,0.403
484,18,15,15,17,13,78,21,21,14,19,12,18,18,12,4.896172279616224,3.8731939098943298,3.600847906922249,4.12,4.174249156731065,3.3121823872395555,0.215,0.89
485,14,17,14,12,10,67,15,23,15,19,13,9,11,16,4.549811316387046,4.109709891677511,1.0,3.22,5.531242224512458,4.725533773553469,0.356,0.384
486,14,17,13,18,16,78,11,16,20,17,19,11,16,6,2.81691643330827,6.191586409538429,4.910674616030453,4.64,3.0324823171872186,5.918872193149374,0.284,0.737
487,17,12,16,12,16,73,17,27,12,19,14,17,22,19,4.290308294999719,3.144117202907255,4.2785692552855785,3.9,2.8240786713382393,3.08433565716595,0.176,0.476
488,19,15,20,17,14,85,16,26,10,20,15,21,21,15,3.6401482575158837,4.139293100544899,4.19826658302046,3.99,3.7650446705552643,2.0829966793238075,0.743,0.123
489,13,15,11,11,13,63,26,20,10,12,16,9,10,24,5.260061646276658,3.524672241524577,2.8267370531927276,3.87,4.212670299897148,4.076165772341466,0.252,0.928
490,16,18,18,13,17,82,23,24,22,18,8,30,8,13,4.741797288533703,6.482488452514172,3.9343416309042554,5.05,3.1051933135483134,4.582564580117353,0.454,0.454
491,18,15,22,20,19,94,20,22,17,21,15,29,18,10,4.720790074981588,1.8576587179987434,4.291502715129114,3.62,3.782154442644232,3.09711171980486,0.386,0.734
492,13,11,14,14,15,67,25,7,26,18,13,19,15,13,2.6072519572211315,4.510502674757654,5.004380224060005,4.04,3.920309958520587,2.4909742383135614,0.982,0.367
493,12,15,19,16,14,76,18,20,14,22,14,20,19,6,3.6274788175393686,3.7853354811111437,3.3632642666186663,3.59,2.814989665217108,4.541736709301899,0.391,0.019
494,15,14,15,12,13,69,15,17,16,18,21,16,13,19,3.619730883698377,4.112080446726595,5.7174486351486244,4.48,4.2893269356850405,4.347802693087305,0.08,0.101
495,10,19,12,15,12,68,23,19,20,16,10,10,19,6,5.844318853115295,2.991024868710701,3.8162265132803883,4.22,4.691900311529812,2.7033731927147016,0.09,0.496
496,15,11,20,16,12,74,21,17,22,22,19,21,26,16,5.5326713640091505,3.866227660808578,2.050688461016744,3.82,4.05922700397229,4.166685803879375,0.591,0.69
497,17,20,20,22,13,92,15,35,23,17,14,22,24,7,4.152090591244286,5.5665042143444765,3.4298035744618662,4.38,4.868790879006715,4.694754286903427,0.599,0.335
498,17,15,16,14,14,76,19,25,20,13,14,12,16,15,5.477336965750497,7.0,3.080914665887288,5.19,2.6146933751315347,4.774510055078676,0.419,0.695
499,21,13,14,15,17,80,18,16,21,15,19,18,16,27,1.5672201539276776,4.791527854422995,2.061849341247726,2.81,3.893167542987029,3.1401090909935214,0.432,0.699
500,14,12,15,17,14,72,12,22,18,13,17,16,16,17,2.497395788416209,3.0120682320014054,5.40987982656467,3.64,2.6577728273341874,3.1734823973372572,0.054,0.704
